{"stats":{"minecraft:killed_by":{"minecraft:skeleton":2},"minecraft:custom":{"minecraft:open_chest":1,"minecraft:time_since_rest":14541,"minecraft:crouch_one_cm":1163,"minecraft:play_time":68314,"minecraft:sprint_one_cm":274116,"minecraft:walk_one_cm":75519,"minecraft:damage_taken":2549,"minecraft:deaths":8,"minecraft:sneak_time":1069,"minecraft:walk_under_water_one_cm":33029,"minecraft:drop":1,"minecraft:jump":1118,"minecraft:damage_dealt":96,"minecraft:time_since_death":16940,"minecraft:walk_on_water_one_cm":58378,"minecraft:climb_one_cm":3005,"minecraft:total_world_time":68314,"minecraft:interact_with_crafting_table":3,"minecraft:swim_one_cm":37226,"minecraft:fly_one_cm":284489,"minecraft:fall_one_cm":24405},"minecraft:mined":{"minecraft:grass":8,"minecraft:grass_block":7,"biomesoplenty:fir_leaves":2,"minecraft:dirt":5,"biomesoplenty:toadstool":3,"minecraft:crafting_table":1,"minecraft:fern":12},"minecraft:dropped":{"tombstone:grave_key":1},"minecraft:picked_up":{"biomesoplenty:toadstool":3,"minecraft:crafting_table":1,"minecraft:arrow":1,"minecraft:item_frame":4,"minecraft:bone":4,"minecraft:apple":5,"minecraft:bow":2,"minecraft:wheat_seeds":2,"tombstone:grave_key":1,"minecraft:shield":1,"minecraft:iron_sword":1,"minecraft:dirt":12},"minecraft:used":{"minecraft:bow":1,"minecraft:bread":5,"minecraft:iron_sword":4,"minecraft:apple":1}},"DataVersion":3465}