{"stats":{"minecraft:killed_by":{"minecraft:skeleton":2},"minecraft:custom":{"minecraft:time_since_rest":3065,"minecraft:sprint_one_cm":345122,"minecraft:damage_taken":3097,"minecraft:walk_one_cm":120132,"minecraft:drop":5,"minecraft:damage_dealt":233,"minecraft:freezer_opened":1,"minecraft:swim_one_cm":37226,"minecraft:interact_with_crafting_table":3,"minecraft:fly_one_cm":321281,"minecraft:open_chest":1,"minecraft:crouch_one_cm":1163,"minecraft:play_time":92314,"minecraft:deaths":8,"minecraft:sneak_time":1069,"minecraft:walk_under_water_one_cm":34195,"minecraft:jump":1400,"minecraft:walk_on_water_one_cm":59639,"minecraft:time_since_death":40940,"minecraft:sleep_in_bed":3,"minecraft:total_world_time":92314,"minecraft:climb_one_cm":3533,"minecraft:fall_one_cm":31915},"minecraft:mined":{"biomesoplenty:toadstool":3,"minecraft:crafting_table":1,"minecraft:grass":12,"minecraft:grass_block":7,"biomesoplenty:fir_leaves":2,"minecraft:dirt":5,"minecraft:fern":12},"minecraft:dropped":{"tombstone:grave_key":1,"born_in_chaos_v1:diamond_termite_shard":1,"minecraft:oak_sapling":1,"minecraft:rotten_flesh":3,"minecraft:bone":5},"minecraft:picked_up":{"biomesoplenty:toadstool":3,"minecraft:cocoa_beans":2,"born_in_chaos_v1:diamond_termite_shard":1,"minecraft:crafting_table":1,"minecraft:leather_chestplate":1,"minecraft:torch":8,"tombstone:grave_key":1,"tombstone:grave_dust":1,"minecraft:shield":1,"minecraft:dirt":12,"minecraft:cooked_mutton":2,"minecraft:item_frame":4,"minecraft:rotten_flesh":3,"minecraft:bone":9,"minecraft:arrow":1,"minecraft:apple":5,"minecraft:bow":2,"minecraft:wheat_seeds":2,"minecraft:iron_ingot":1,"minecraft:stone_pickaxe":1,"minecraft:oak_sapling":1,"minecraft:melon_seeds":6,"minecraft:iron_sword":1},"minecraft:used":{"minecraft:cooked_mutton":2,"minecraft:apple":12,"minecraft:bread":5,"minecraft:iron_sword":18,"minecraft:bow":1,"minecraft:potato":2}},"DataVersion":3465}