{"stats":{"minecraft:killed":{"minecraft:spider":1},"minecraft:killed_by":{"man:managgresive":1,"minecraft:skeleton":2},"minecraft:custom":{"minecraft:time_since_rest":6657,"minecraft:sprint_one_cm":384324,"minecraft:damage_taken":3442,"minecraft:walk_one_cm":154393,"minecraft:damage_blocked_by_shield":186,"minecraft:mob_kills":1,"minecraft:drop":74,"minecraft:damage_dealt":364,"minecraft:freezer_opened":1,"minecraft:swim_one_cm":38204,"minecraft:interact_with_crafting_table":3,"minecraft:fly_one_cm":351492,"minecraft:open_chest":1,"minecraft:crouch_one_cm":1248,"minecraft:play_time":106503,"minecraft:deaths":9,"minecraft:sneak_time":1175,"minecraft:walk_under_water_one_cm":51888,"minecraft:jump":1586,"minecraft:leave_game":1,"minecraft:walk_on_water_one_cm":67888,"minecraft:time_since_death":8072,"minecraft:sleep_in_bed":3,"minecraft:total_world_time":106503,"minecraft:climb_one_cm":3533,"minecraft:fall_one_cm":34188},"minecraft:mined":{"biomesoplenty:toadstool":3,"minecraft:crafting_table":1,"minecraft:grass":12,"minecraft:grass_block":7,"biomesoplenty:fir_leaves":2,"minecraft:dirt":5,"minecraft:copper_ore":10,"minecraft:fern":12},"minecraft:dropped":{"minecraft:iron_sword":1,"tombstone:grave_key":1,"minecraft:apple":2,"born_in_chaos_v1:diamond_termite_shard":1,"minecraft:oak_sapling":1,"tacz:ammo":64,"tacz:modern_kinetic_gun":2,"minecraft:rotten_flesh":3,"minecraft:bone":5},"minecraft:picked_up":{"biomesoplenty:toadstool":3,"minecraft:cocoa_beans":2,"born_in_chaos_v1:diamond_termite_shard":1,"minecraft:crafting_table":1,"minecraft:leather_chestplate":1,"minecraft:torch":8,"tombstone:grave_key":1,"tombstone:grave_dust":1,"minecraft:shield":1,"minecraft:spider_eye":1,"minecraft:string":2,"minecraft:dirt":12,"minecraft:raw_copper":37,"tacz:ammo":100,"minecraft:cooked_mutton":2,"minecraft:item_frame":4,"minecraft:rotten_flesh":5,"minecraft:bone":9,"minecraft:arrow":1,"minecraft:apple":11,"minecraft:bow":2,"minecraft:wheat_seeds":2,"tacz:modern_kinetic_gun":2,"minecraft:iron_ingot":1,"minecraft:granite":1,"minecraft:stone_pickaxe":1,"minecraft:oak_sapling":1,"minecraft:melon_seeds":6,"minecraft:iron_sword":2,"minecraft:cobblestone":3},"minecraft:used":{"minecraft:cooked_mutton":2,"minecraft:apple":18,"minecraft:bread":5,"minecraft:stone_pickaxe":10,"minecraft:shield":2,"minecraft:iron_sword":25,"minecraft:bow":1,"minecraft:potato":2}},"DataVersion":3465}