{"stats":{"minecraft:killed_by":{"minecraft:skeleton":2},"minecraft:custom":{"minecraft:time_since_rest":2148,"minecraft:crouch_one_cm":941,"minecraft:play_time":32314,"minecraft:sprint_one_cm":69398,"minecraft:walk_one_cm":28272,"minecraft:damage_taken":1403,"minecraft:deaths":5,"minecraft:sneak_time":149,"minecraft:walk_under_water_one_cm":4742,"minecraft:drop":1,"minecraft:jump":557,"minecraft:damage_dealt":42,"minecraft:time_since_death":4547,"minecraft:walk_on_water_one_cm":894,"minecraft:total_world_time":32314,"minecraft:swim_one_cm":5188,"minecraft:fly_one_cm":160517,"minecraft:fall_one_cm":13143},"minecraft:mined":{"minecraft:grass":8,"minecraft:grass_block":2,"biomesoplenty:fir_leaves":2,"minecraft:dirt":1,"biomesoplenty:toadstool":3,"minecraft:fern":11},"minecraft:dropped":{"tombstone:grave_key":1},"minecraft:picked_up":{"biomesoplenty:toadstool":3,"minecraft:bone":4,"minecraft:bow":1,"minecraft:wheat_seeds":2,"tombstone:grave_key":1,"minecraft:dirt":3}},"DataVersion":3465}