{"stats":{"minecraft:killed_by":{"minecraft:skeleton":1},"minecraft:custom":{"minecraft:jump":234,"minecraft:time_since_rest":3962,"minecraft:walk_on_water_one_cm":737,"minecraft:crouch_one_cm":315,"minecraft:deaths":1,"minecraft:sprint_one_cm":36435,"minecraft:play_time":8314,"minecraft:damage_taken":382,"minecraft:time_since_death":5658,"minecraft:walk_one_cm":6882,"minecraft:sneak_time":55,"minecraft:total_world_time":8314,"minecraft:walk_under_water_one_cm":4620,"minecraft:swim_one_cm":3476,"minecraft:fall_one_cm":3957,"minecraft:fly_one_cm":72830},"minecraft:mined":{"minecraft:grass_block":2,"minecraft:dirt":1},"minecraft:picked_up":{"minecraft:bone":3,"minecraft:dirt":3}},"DataVersion":3465}