{"stats":{"minecraft:killed_by":{"minecraft:skeleton":2},"minecraft:custom":{"minecraft:time_since_rest":2541,"minecraft:crouch_one_cm":1067,"minecraft:play_time":56314,"minecraft:sprint_one_cm":223990,"minecraft:walk_one_cm":49863,"minecraft:damage_taken":2259,"minecraft:deaths":8,"minecraft:sneak_time":1049,"minecraft:walk_under_water_one_cm":32712,"minecraft:drop":1,"minecraft:jump":930,"minecraft:damage_dealt":42,"minecraft:time_since_death":4940,"minecraft:walk_on_water_one_cm":55761,"minecraft:climb_one_cm":610,"minecraft:total_world_time":56314,"minecraft:swim_one_cm":36257,"minecraft:fly_one_cm":251021,"minecraft:fall_one_cm":20088},"minecraft:mined":{"minecraft:grass":8,"minecraft:grass_block":7,"biomesoplenty:fir_leaves":2,"minecraft:dirt":5,"biomesoplenty:toadstool":3,"minecraft:fern":11},"minecraft:dropped":{"tombstone:grave_key":1},"minecraft:picked_up":{"biomesoplenty:toadstool":3,"minecraft:bone":4,"minecraft:bow":1,"minecraft:wheat_seeds":2,"tombstone:grave_key":1,"minecraft:dirt":12}},"DataVersion":3465}