{"stats":{"minecraft:killed_by":{"minecraft:skeleton":2},"minecraft:custom":{"minecraft:time_since_rest":2730,"minecraft:crouch_one_cm":952,"minecraft:play_time":44314,"minecraft:sprint_one_cm":120426,"minecraft:walk_one_cm":32631,"minecraft:damage_taken":1721,"minecraft:deaths":6,"minecraft:sneak_time":811,"minecraft:walk_under_water_one_cm":21011,"minecraft:drop":1,"minecraft:jump":711,"minecraft:damage_dealt":42,"minecraft:time_since_death":5129,"minecraft:walk_on_water_one_cm":30894,"minecraft:total_world_time":44314,"minecraft:swim_one_cm":25007,"minecraft:fly_one_cm":200687,"minecraft:fall_one_cm":15975},"minecraft:mined":{"minecraft:grass":8,"minecraft:grass_block":7,"biomesoplenty:fir_leaves":2,"minecraft:dirt":5,"biomesoplenty:toadstool":3,"minecraft:fern":11},"minecraft:dropped":{"tombstone:grave_key":1},"minecraft:picked_up":{"biomesoplenty:toadstool":3,"minecraft:bone":4,"minecraft:bow":1,"minecraft:wheat_seeds":2,"tombstone:grave_key":1,"minecraft:dirt":12}},"DataVersion":3465}