{"stats":{"minecraft:killed_by":{"minecraft:skeleton":1},"minecraft:custom":{"minecraft:time_since_rest":1,"minecraft:crouch_one_cm":913,"minecraft:play_time":20314,"minecraft:sprint_one_cm":50107,"minecraft:walk_one_cm":21284,"minecraft:damage_taken":582,"minecraft:deaths":2,"minecraft:sneak_time":140,"minecraft:walk_under_water_one_cm":4620,"minecraft:jump":379,"minecraft:damage_dealt":10,"minecraft:time_since_death":1633,"minecraft:walk_on_water_one_cm":737,"minecraft:total_world_time":20314,"minecraft:swim_one_cm":3476,"minecraft:fly_one_cm":111598,"minecraft:fall_one_cm":8241},"minecraft:mined":{"minecraft:grass":1,"minecraft:grass_block":2,"minecraft:dirt":1,"biomesoplenty:toadstool":3,"minecraft:fern":2},"minecraft:picked_up":{"biomesoplenty:toadstool":3,"minecraft:bone":3,"minecraft:dirt":3}},"DataVersion":3465}