{"stats":{"minecraft:killed":{"born_in_chaos_v1:zombie_clown":1,"born_in_chaos_v1:restless_spirit":1,"born_in_chaos_v1:zombie_lumberjack":1,"minecraft:spider":2,"born_in_chaos_v1:siamese_skeletonsright":1,"born_in_chaos_v1:zombie_bruiser":1,"minecraft:phantom":1,"born_in_chaos_v1:scarlet_persecutor":3,"born_in_chaos_v1:maggot":7,"minecraft:skeleton":6,"born_in_chaos_v1:skeleton_thrasher":1,"born_in_chaos_v1:bonescaller":1,"born_in_chaos_v1:diamond_termite":1,"born_in_chaos_v1:decrepit_skeleton":1,"minecraft:creeper":1,"minecraft:sheep":8,"born_in_chaos_v1:zombie_fisherman":1,"minecraft:pillager":1,"minecraft:zombie":13,"alexsmobs:cockroach":1,"born_in_chaos_v1:dread_hound":1,"born_in_chaos_v1:corpse_fly":11,"born_in_chaos_v1:door_knight":1,"endofherobrine:pigman":2,"born_in_chaos_v1:siamese_skeletonsleft":1},"minecraft:killed_by":{"cave_dweller:cave_dweller":1},"minecraft:custom":{"minecraft:interact_with_anvil":2,"minecraft:mob_kills":78,"minecraft:interact_with_crafting_table":33,"minecraft:open_barrel":23,"minecraft:damage_dealt_resisted":3692,"minecraft:leave_game":8,"minecraft:time_since_death":17767,"minecraft:climb_one_cm":6134,"minecraft:damage_resisted":40,"minecraft:sprint_one_cm":581936,"minecraft:walk_one_cm":759731,"minecraft:damage_blocked_by_shield":2025,"minecraft:drop":121,"minecraft:play_time":373984,"minecraft:deaths":16,"minecraft:sneak_time":2798,"minecraft:walk_under_water_one_cm":46192,"minecraft:boat_one_cm":28353,"minecraft:jump":7678,"minecraft:interact_with_blast_furnace":15,"minecraft:walk_on_water_one_cm":49066,"minecraft:total_world_time":373984,"minecraft:interact_with_furnace":111,"tombstone:raider_killed":1,"minecraft:interact_with_loom":1,"minecraft:interact_with_stonecutter":1,"minecraft:sleep_in_bed":1,"minecraft:time_since_rest":15883,"minecraft:damage_taken":10481,"minecraft:damage_dealt":15317,"minecraft:swim_one_cm":16498,"minecraft:freezer_opened":1,"minecraft:fly_one_cm":1410940,"minecraft:open_chest":40,"minecraft:crouch_one_cm":4944,"tombstone:undead_killed":29,"minecraft:interact_with_smoker":13,"minecraft:fall_one_cm":185642},"minecraft:mined":{"born_in_chaos_v1:infected_diamond_ore":2,"minecraft:granite":5,"minecraft:grass_block":4,"born_in_chaos_v1:black_argillite":2,"minecraft:spruce_leaves":2,"minecraft:moss_block":1,"minecraft:redstone_ore":10,"minecraft:furnace":10,"minecraft:iron_ore":77,"biomesoplenty:toadstool":2,"minecraft:cobbled_deepslate":1,"minecraft:fire":3,"minecraft:andesite":7,"minecraft:deepslate_iron_ore":11,"minecraft:stone":414,"tetra:scroll_rolled":2,"minecraft:crafting_table":11,"minecraft:torch":14,"minecraft:calcite":1,"biomesoplenty:fir_planks":2,"minecraft:chest":1,"minecraft:white_stained_glass_pane":1,"minecraft:rose_bush":1,"minecraft:copper_ore":63,"minecraft:cobblestone":61,"biomesoplenty:sprout":11,"minecraft:lapis_ore":2,"minecraft:iron_door":1,"minecraft:diorite":12,"minecraft:wall_torch":5,"minecraft:amethyst_block":4,"supplementaries:urn":6,"minecraft:cobblestone_wall":2,"minecraft:birch_leaves":1,"biomesoplenty:maple_leaves":4,"minecraft:orange_tulip":1,"biomesoplenty:umbran_log":54,"biomesoplenty:fir_log":22,"minecraft:grass":20,"minecraft:coal_ore":38,"biomesoplenty:fir_leaves":5,"minecraft:gravel":4,"minecraft:dirt":26,"biomesoplenty:umbran_leaves":4,"minecraft:smooth_basalt":2,"minecraft:gold_ore":18,"minecraft:oak_leaves":13,"minecraft:deepslate":19,"minecraft:fern":4},"minecraft:broken":{"minecraft:stone_sword":1,"minecraft:iron_pickaxe":2},"minecraft:crafted":{"minecraft:wooden_sword":1,"minecraft:oak_planks":4,"minecraft:furnace":2,"minecraft:cooked_mutton":14,"minecraft:iron_boots":1,"minecraft:stone_pickaxe":2,"biomesoplenty:fir_boat":1,"minecraft:cooked_porkchop":2,"minecraft:crafting_table":2,"minecraft:spruce_planks":60,"minecraft:iron_helmet":1,"minecraft:wooden_pickaxe":1,"minecraft:baked_potato":19,"minecraft:iron_sword":2,"minecraft:spruce_door":3,"minecraft:polished_granite":4,"minecraft:copper_ingot":73,"minecraft:stone_axe":1,"born_in_chaos_v1:bone_heart":1,"minecraft:air":0,"minecraft:bread":9,"biomesoplenty:fir_planks":84,"minecraft:iron_chestplate":1,"minecraft:golden_apple":2,"minecraft:shield":1,"minecraft:stick":48,"minecraft:iron_ingot":81,"minecraft:iron_pickaxe":3,"minecraft:wooden_axe":1,"minecraft:gold_ingot":17,"minecraft:stone_sword":1,"minecraft:iron_shovel":1,"minecraft:iron_leggings":1,"minecraft:torch":60},"minecraft:dropped":{"minecraft:enchanted_book":1,"minecraft:iron_ingot":2,"minecraft:bread":3,"minecraft:iron_sword":3,"minecraft:wheat_seeds":9,"minecraft:crafting_table":1,"minecraft:cobblestone":1,"minecraft:apple":11,"minecraft:granite":1,"minecraft:coal":2,"paraglider:spirit_orb":1,"minecraft:dirt":5,"born_in_chaos_v1:gnawed_bones":2,"born_in_chaos_v1:black_argillite":2,"minecraft:diorite":1,"minecraft:torch":16,"born_in_chaos_v1:monster_skin":1,"minecraft:wooden_axe":1,"born_in_chaos_v1:fused_bone":3,"minecraft:iron_door":1,"tombstone:grave_dust":1,"minecraft:wooden_sword":2,"tacz:modern_kinetic_gun":7,"minecraft:string":2,"minecraft:bone":50,"minecraft:gravel":9,"biomesoplenty:toadstool":3,"minecraft:furnace":2,"minecraft:iron_nugget":6,"minecraft:cocoa_beans":2,"biomesoplenty:yellow_autumn_sapling":36,"born_in_chaos_v1:ethereal_spirit":6,"minecraft:rotten_flesh":16,"born_in_chaos_v1:smoked_flesh":8,"minecraft:cooked_mutton":2,"minecraft:salmon":7,"minecraft:carrot":2,"minecraft:leather_chestplate":1,"supplementaries:flax_seeds":4,"supplementaries:ash":8,"minecraft:potato":3,"crossbowverhaul:bolt_iron":2,"minecraft:mangrove_log":2,"minecraft:andesite":4,"born_in_chaos_v1:corpse_maggot":14,"minecraft:melon_seeds":6,"born_in_chaos_v1:diamond_termite_shard":1,"minecraft:spider_eye":3,"tacz:ammo":136,"minecraft:wooden_pickaxe":1,"minecraft:stone_pickaxe":4,"minecraft:calcite":1},"minecraft:picked_up":{"minecraft:wooden_axe":1,"minecraft:crafting_table":11,"born_in_chaos_v1:diamond_termite_shard":1,"minecraft:chain":1,"minecraft:amethyst_block":4,"born_in_chaos_v1:black_argillite":2,"minecraft:string":5,"minecraft:raw_copper":225,"minecraft:wooden_sword":1,"biomesoplenty:yellow_autumn_sapling":36,"born_in_chaos_v1:intoxicating_decoction":2,"tacz:ammo":421,"minecraft:gold_nugget":23,"minecraft:cobbled_deepslate":25,"minecraft:bucket":1,"biomesoplenty:fir_planks":2,"minecraft:rose_bush":1,"born_in_chaos_v1:gnawed_bones":2,"minecraft:calcite":1,"minecraft:iron_nugget":12,"minecraft:light_gray_wool":1,"minecraft:chest":1,"minecraft:mangrove_log":2,"crossbowverhaul:bolt_iron":5,"minecraft:furnace":9,"minecraft:stick":1,"minecraft:raw_iron":87,"born_in_chaos_v1:shattered_skull":1,"ecologics:coconut_slice":6,"minecraft:torch":34,"born_in_chaos_v1:pileof_dark_metal":1,"minecraft:porkchop":2,"tombstone:grave_dust":2,"minecraft:diorite":13,"minecraft:redstone":46,"minecraft:arrow":2,"minecraft:rotten_flesh":25,"sophisticatedbackpacks:copper_backpack":1,"supplementaries:ash":9,"minecraft:mutton":13,"minecraft:white_wool":5,"minecraft:cobblestone":437,"born_in_chaos_v1:fused_bone":7,"born_in_chaos_v1:corpse_maggot":23,"minecraft:leather_chestplate":1,"minecraft:glow_ink_sac":3,"minecraft:iron_door":1,"minecraft:salmon":7,"minecraft:andesite":8,"minecraft:potato":1,"biomesoplenty:fir_log":21,"paraglider:spirit_orb":5,"minecraft:oak_log":1,"supplementaries:flax_seeds":4,"minecraft:cobblestone_wall":2,"minecraft:gunpowder":2,"minecraft:lapis_lazuli":12,"minecraft:dirt":74,"born_in_chaos_v1:monster_skin":3,"minecraft:bone":91,"tetra:scroll_rolled":2,"minecraft:apple":2,"minecraft:wheat_seeds":11,"biomesoplenty:fir_boat":2,"minecraft:raw_gold":17,"minecraft:iron_ingot":15,"minecraft:stone_pickaxe":2,"tombstone:bag_of_seeds":1,"minecraft:moss_block":1,"minecraft:iron_sword":2,"biomesoplenty:umbran_log":51,"biomesoplenty:toadstool":3,"minecraft:smooth_basalt":1,"minecraft:cooked_porkchop":2,"born_in_chaos_v1:ethereal_spirit":7,"tombstone:scroll_of_feather_fall":1,"minecraft:gravel":17,"minecraft:spider_eye":5,"minecraft:bundle":2,"tacz:modern_kinetic_gun":8,"minecraft:granite":6,"minecraft:gray_wool":1,"minecraft:emerald":2,"minecraft:baked_potato":31,"tombstone:magic_scroll":1,"minecraft:coal":40},"minecraft:used":{"minecraft:moss_block":1,"minecraft:stone_sword":130,"minecraft:shield":34,"minecraft:iron_sword":220,"minecraft:rotten_flesh":11,"minecraft:iron_chestplate":1,"minecraft:torch":49,"minecraft:dirt":71,"biomesoplenty:umbran_log":5,"minecraft:carrot":6,"tetra:scroll_rolled":3,"minecraft:granite":1,"born_in_chaos_v1:corpse_maggot":8,"minecraft:wooden_axe":59,"minecraft:smooth_basalt":1,"minecraft:furnace":8,"tombstone:gift":6,"minecraft:potato":5,"minecraft:cooked_mutton":12,"minecraft:water_bucket":34,"minecraft:amethyst_block":2,"minecraft:spruce_door":1,"minecraft:baked_potato":42,"minecraft:oak_planks":4,"minecraft:stone_pickaxe":224,"minecraft:wooden_pickaxe":16,"biomesoplenty:fir_planks":2,"biomesoplenty:fir_boat":2,"minecraft:crafting_table":11,"tombstone:bag_of_seeds":2,"minecraft:apple":10,"born_in_chaos_v1:monster_flesh":1,"minecraft:bread":34,"minecraft:iron_pickaxe":543,"minecraft:polished_granite":4,"minecraft:gravel":5,"minecraft:stone_axe":53,"minecraft:wooden_sword":12,"minecraft:cobblestone":224,"minecraft:cooked_porkchop":4,"minecraft:andesite":4,"minecraft:bucket":35,"alexsmobs:animal_dictionary":1}},"DataVersion":3465}