{"stats":{"minecraft:killed":{"born_in_chaos_v1:zombie_clown":1,"born_in_chaos_v1:zombie_lumberjack":1,"minecraft:spider":1,"born_in_chaos_v1:zombie_bruiser":1,"born_in_chaos_v1:scarlet_persecutor":3,"born_in_chaos_v1:maggot":1,"minecraft:phantom":1,"minecraft:skeleton":3,"born_in_chaos_v1:bonescaller":1,"minecraft:sheep":8,"minecraft:pillager":1,"minecraft:zombie":10,"alexsmobs:cockroach":1,"born_in_chaos_v1:corpse_fly":11,"endofherobrine:pigman":2},"minecraft:custom":{"minecraft:mob_kills":55,"minecraft:interact_with_crafting_table":21,"minecraft:open_barrel":23,"minecraft:damage_dealt_resisted":38,"minecraft:leave_game":5,"minecraft:time_since_death":53931,"minecraft:climb_one_cm":5430,"minecraft:sprint_one_cm":424752,"minecraft:walk_one_cm":450027,"minecraft:damage_blocked_by_shield":666,"minecraft:drop":66,"minecraft:play_time":208866,"minecraft:deaths":10,"minecraft:sneak_time":1766,"minecraft:walk_under_water_one_cm":8198,"minecraft:boat_one_cm":14955,"minecraft:jump":5121,"minecraft:interact_with_blast_furnace":5,"minecraft:walk_on_water_one_cm":17464,"minecraft:total_world_time":208866,"minecraft:interact_with_furnace":76,"tombstone:raider_killed":1,"minecraft:interact_with_loom":1,"minecraft:interact_with_stonecutter":1,"minecraft:sleep_in_bed":1,"minecraft:time_since_rest":11430,"minecraft:damage_taken":6207,"minecraft:damage_dealt":10076,"minecraft:swim_one_cm":13842,"minecraft:freezer_opened":1,"minecraft:fly_one_cm":1084240,"minecraft:open_chest":31,"minecraft:crouch_one_cm":3182,"tombstone:undead_killed":17,"minecraft:fall_one_cm":126783},"minecraft:mined":{"born_in_chaos_v1:infected_diamond_ore":1,"minecraft:grass_block":4,"minecraft:spruce_leaves":2,"minecraft:moss_block":1,"minecraft:redstone_ore":5,"minecraft:furnace":9,"biomesoplenty:toadstool":2,"minecraft:iron_ore":50,"minecraft:fire":3,"minecraft:andesite":2,"minecraft:deepslate_iron_ore":11,"minecraft:stone":254,"tetra:scroll_rolled":2,"minecraft:crafting_table":10,"minecraft:torch":12,"minecraft:calcite":1,"biomesoplenty:fir_planks":2,"minecraft:chest":1,"minecraft:white_stained_glass_pane":1,"minecraft:rose_bush":1,"minecraft:copper_ore":39,"minecraft:cobblestone":32,"biomesoplenty:sprout":11,"minecraft:lapis_ore":2,"minecraft:diorite":1,"minecraft:iron_door":1,"minecraft:wall_torch":3,"minecraft:amethyst_block":4,"supplementaries:urn":6,"minecraft:cobblestone_wall":2,"biomesoplenty:maple_leaves":4,"minecraft:orange_tulip":1,"biomesoplenty:umbran_log":54,"biomesoplenty:fir_log":22,"minecraft:grass":14,"minecraft:coal_ore":35,"biomesoplenty:fir_leaves":5,"minecraft:gravel":4,"minecraft:dirt":25,"biomesoplenty:umbran_leaves":4,"minecraft:smooth_basalt":2,"minecraft:gold_ore":8,"minecraft:oak_leaves":8,"minecraft:deepslate":18,"minecraft:fern":4},"minecraft:broken":{"minecraft:stone_sword":1,"minecraft:iron_pickaxe":1},"minecraft:crafted":{"minecraft:wooden_sword":1,"minecraft:oak_planks":4,"minecraft:furnace":2,"minecraft:cooked_mutton":14,"minecraft:iron_boots":1,"minecraft:stone_pickaxe":2,"biomesoplenty:fir_boat":1,"minecraft:cooked_porkchop":2,"minecraft:crafting_table":1,"minecraft:iron_helmet":1,"minecraft:wooden_pickaxe":1,"minecraft:baked_potato":3,"minecraft:iron_sword":2,"minecraft:stone_axe":1,"minecraft:bread":9,"minecraft:air":0,"biomesoplenty:fir_planks":84,"minecraft:iron_chestplate":1,"minecraft:shield":1,"minecraft:stick":24,"minecraft:iron_ingot":54,"minecraft:iron_pickaxe":2,"minecraft:wooden_axe":1,"minecraft:stone_sword":1,"minecraft:iron_shovel":1,"minecraft:iron_leggings":1,"minecraft:torch":28},"minecraft:dropped":{"minecraft:iron_ingot":1,"minecraft:bread":3,"minecraft:iron_sword":3,"minecraft:wheat_seeds":9,"minecraft:crafting_table":1,"minecraft:coal":2,"minecraft:diorite":1,"minecraft:torch":5,"born_in_chaos_v1:monster_skin":1,"minecraft:wooden_axe":1,"born_in_chaos_v1:fused_bone":3,"tombstone:grave_dust":1,"minecraft:wooden_sword":2,"minecraft:string":2,"minecraft:bone":45,"minecraft:gravel":9,"biomesoplenty:toadstool":3,"minecraft:furnace":2,"minecraft:iron_nugget":6,"biomesoplenty:yellow_autumn_sapling":36,"born_in_chaos_v1:ethereal_spirit":6,"minecraft:rotten_flesh":9,"born_in_chaos_v1:smoked_flesh":8,"minecraft:carrot":2,"supplementaries:flax_seeds":4,"supplementaries:ash":8,"minecraft:potato":3,"crossbowverhaul:bolt_iron":2,"minecraft:mangrove_log":2,"born_in_chaos_v1:corpse_maggot":14,"minecraft:spider_eye":3,"minecraft:wooden_pickaxe":1,"minecraft:stone_pickaxe":3,"minecraft:calcite":1},"minecraft:picked_up":{"minecraft:wooden_axe":1,"minecraft:crafting_table":10,"minecraft:amethyst_block":4,"minecraft:string":3,"minecraft:raw_copper":134,"minecraft:wooden_sword":1,"biomesoplenty:yellow_autumn_sapling":36,"tacz:ammo":81,"born_in_chaos_v1:intoxicating_decoction":2,"minecraft:gold_nugget":23,"minecraft:cobbled_deepslate":23,"biomesoplenty:fir_planks":2,"minecraft:rose_bush":1,"minecraft:calcite":1,"minecraft:iron_nugget":12,"minecraft:light_gray_wool":1,"minecraft:chest":1,"minecraft:furnace":8,"minecraft:mangrove_log":2,"crossbowverhaul:bolt_iron":5,"minecraft:stick":1,"minecraft:raw_iron":60,"minecraft:torch":25,"minecraft:porkchop":2,"tombstone:grave_dust":1,"minecraft:diorite":2,"minecraft:redstone":23,"minecraft:arrow":2,"minecraft:rotten_flesh":18,"sophisticatedbackpacks:copper_backpack":1,"supplementaries:ash":9,"minecraft:mutton":13,"minecraft:white_wool":5,"minecraft:cobblestone":260,"born_in_chaos_v1:fused_bone":6,"born_in_chaos_v1:corpse_maggot":22,"minecraft:iron_door":1,"minecraft:potato":1,"biomesoplenty:fir_log":21,"paraglider:spirit_orb":4,"minecraft:oak_log":1,"supplementaries:flax_seeds":4,"minecraft:cobblestone_wall":2,"minecraft:gunpowder":1,"minecraft:lapis_lazuli":12,"minecraft:dirt":68,"born_in_chaos_v1:monster_skin":2,"minecraft:bone":82,"tetra:scroll_rolled":2,"minecraft:wheat_seeds":11,"biomesoplenty:fir_boat":1,"minecraft:raw_gold":7,"minecraft:stone_pickaxe":2,"minecraft:iron_ingot":2,"biomesoplenty:umbran_log":51,"minecraft:moss_block":1,"minecraft:iron_sword":2,"biomesoplenty:toadstool":3,"minecraft:smooth_basalt":1,"minecraft:cooked_porkchop":2,"born_in_chaos_v1:ethereal_spirit":6,"tombstone:scroll_of_feather_fall":1,"minecraft:gravel":17,"minecraft:spider_eye":4,"minecraft:bundle":2,"minecraft:gray_wool":1,"minecraft:emerald":2,"minecraft:baked_potato":31,"minecraft:coal":37},"minecraft:used":{"minecraft:moss_block":1,"minecraft:stone_sword":130,"minecraft:shield":21,"minecraft:iron_sword":92,"minecraft:rotten_flesh":11,"minecraft:iron_chestplate":1,"minecraft:torch":35,"minecraft:dirt":71,"biomesoplenty:umbran_log":5,"minecraft:carrot":6,"tetra:scroll_rolled":3,"born_in_chaos_v1:corpse_maggot":8,"minecraft:wooden_axe":59,"minecraft:smooth_basalt":1,"minecraft:furnace":7,"tombstone:gift":4,"minecraft:potato":5,"minecraft:water_bucket":13,"minecraft:amethyst_block":2,"minecraft:baked_potato":34,"minecraft:oak_planks":4,"minecraft:stone_pickaxe":224,"minecraft:wooden_pickaxe":16,"biomesoplenty:fir_planks":2,"biomesoplenty:fir_boat":1,"minecraft:crafting_table":10,"born_in_chaos_v1:monster_flesh":1,"minecraft:bread":21,"minecraft:iron_pickaxe":253,"minecraft:gravel":5,"minecraft:stone_axe":51,"minecraft:wooden_sword":12,"minecraft:cobblestone":105,"minecraft:cooked_porkchop":4,"minecraft:bucket":14,"alexsmobs:animal_dictionary":1}},"DataVersion":3465}