{"stats":{"minecraft:killed":{"born_in_chaos_v1:zombie_clown":1,"born_in_chaos_v1:zombie_lumberjack":1,"minecraft:spider":1,"born_in_chaos_v1:siamese_skeletonsright":1,"born_in_chaos_v1:zombie_bruiser":1,"minecraft:phantom":1,"born_in_chaos_v1:scarlet_persecutor":3,"born_in_chaos_v1:maggot":2,"minecraft:skeleton":3,"born_in_chaos_v1:skeleton_thrasher":1,"born_in_chaos_v1:bonescaller":1,"born_in_chaos_v1:diamond_termite":1,"minecraft:sheep":8,"minecraft:pillager":1,"minecraft:zombie":12,"alexsmobs:cockroach":1,"born_in_chaos_v1:dread_hound":1,"born_in_chaos_v1:corpse_fly":11,"endofherobrine:pigman":2,"born_in_chaos_v1:siamese_skeletonsleft":1},"minecraft:killed_by":{"cave_dweller:cave_dweller":1},"minecraft:custom":{"minecraft:mob_kills":63,"minecraft:interact_with_crafting_table":22,"minecraft:open_barrel":23,"minecraft:damage_dealt_resisted":1145,"minecraft:leave_game":8,"minecraft:time_since_death":6390,"minecraft:climb_one_cm":6134,"minecraft:sprint_one_cm":512618,"minecraft:walk_one_cm":621506,"minecraft:damage_blocked_by_shield":1350,"minecraft:drop":91,"minecraft:play_time":311615,"minecraft:deaths":14,"minecraft:sneak_time":2400,"minecraft:walk_under_water_one_cm":14463,"minecraft:boat_one_cm":14955,"minecraft:jump":6679,"minecraft:interact_with_blast_furnace":7,"minecraft:walk_on_water_one_cm":28337,"minecraft:total_world_time":311615,"minecraft:interact_with_furnace":77,"tombstone:raider_killed":1,"minecraft:interact_with_loom":1,"minecraft:interact_with_stonecutter":1,"minecraft:sleep_in_bed":1,"minecraft:time_since_rest":5843,"minecraft:damage_taken":8412,"minecraft:damage_dealt":13269,"minecraft:swim_one_cm":14245,"minecraft:freezer_opened":1,"minecraft:fly_one_cm":1240019,"minecraft:open_chest":39,"minecraft:crouch_one_cm":4609,"tombstone:undead_killed":22,"minecraft:interact_with_smoker":1,"minecraft:fall_one_cm":163474},"minecraft:mined":{"born_in_chaos_v1:infected_diamond_ore":2,"minecraft:granite":1,"minecraft:grass_block":4,"born_in_chaos_v1:black_argillite":2,"minecraft:spruce_leaves":2,"minecraft:moss_block":1,"minecraft:redstone_ore":10,"minecraft:furnace":9,"minecraft:iron_ore":51,"biomesoplenty:toadstool":2,"minecraft:cobbled_deepslate":1,"minecraft:fire":3,"minecraft:andesite":7,"minecraft:deepslate_iron_ore":11,"minecraft:stone":405,"tetra:scroll_rolled":2,"minecraft:crafting_table":10,"minecraft:torch":12,"minecraft:calcite":1,"biomesoplenty:fir_planks":2,"minecraft:chest":1,"minecraft:white_stained_glass_pane":1,"minecraft:rose_bush":1,"minecraft:copper_ore":39,"minecraft:cobblestone":50,"biomesoplenty:sprout":11,"minecraft:lapis_ore":2,"minecraft:iron_door":1,"minecraft:diorite":11,"minecraft:wall_torch":4,"minecraft:amethyst_block":4,"supplementaries:urn":6,"minecraft:cobblestone_wall":2,"minecraft:birch_leaves":1,"biomesoplenty:maple_leaves":4,"minecraft:orange_tulip":1,"biomesoplenty:umbran_log":54,"biomesoplenty:fir_log":22,"minecraft:grass":19,"minecraft:coal_ore":38,"biomesoplenty:fir_leaves":5,"minecraft:gravel":4,"minecraft:dirt":26,"biomesoplenty:umbran_leaves":4,"minecraft:smooth_basalt":2,"minecraft:gold_ore":16,"minecraft:oak_leaves":12,"minecraft:deepslate":19,"minecraft:fern":4},"minecraft:broken":{"minecraft:stone_sword":1,"minecraft:iron_pickaxe":1},"minecraft:crafted":{"minecraft:wooden_sword":1,"minecraft:oak_planks":4,"minecraft:furnace":2,"minecraft:cooked_mutton":14,"minecraft:iron_boots":1,"minecraft:stone_pickaxe":2,"biomesoplenty:fir_boat":1,"minecraft:cooked_porkchop":2,"minecraft:crafting_table":1,"minecraft:spruce_planks":60,"minecraft:iron_helmet":1,"minecraft:wooden_pickaxe":1,"minecraft:baked_potato":3,"minecraft:iron_sword":2,"minecraft:stone_axe":1,"born_in_chaos_v1:bone_heart":1,"minecraft:air":0,"minecraft:bread":9,"biomesoplenty:fir_planks":84,"minecraft:iron_chestplate":1,"minecraft:shield":1,"minecraft:stick":32,"minecraft:iron_ingot":54,"minecraft:iron_pickaxe":2,"minecraft:wooden_axe":1,"minecraft:stone_sword":1,"minecraft:iron_shovel":1,"minecraft:iron_leggings":1,"minecraft:torch":60},"minecraft:dropped":{"minecraft:enchanted_book":1,"minecraft:iron_ingot":2,"minecraft:bread":3,"minecraft:iron_sword":3,"minecraft:wheat_seeds":9,"minecraft:crafting_table":1,"minecraft:cobblestone":1,"minecraft:apple":5,"minecraft:granite":1,"minecraft:coal":2,"minecraft:dirt":5,"born_in_chaos_v1:gnawed_bones":2,"minecraft:diorite":1,"minecraft:torch":16,"born_in_chaos_v1:monster_skin":1,"minecraft:wooden_axe":1,"born_in_chaos_v1:fused_bone":3,"minecraft:iron_door":1,"tombstone:grave_dust":1,"minecraft:wooden_sword":2,"minecraft:string":2,"minecraft:bone":50,"minecraft:gravel":9,"biomesoplenty:toadstool":3,"minecraft:furnace":2,"minecraft:iron_nugget":6,"minecraft:cocoa_beans":2,"biomesoplenty:yellow_autumn_sapling":36,"born_in_chaos_v1:ethereal_spirit":6,"minecraft:rotten_flesh":11,"born_in_chaos_v1:smoked_flesh":8,"minecraft:cooked_mutton":2,"minecraft:carrot":2,"minecraft:leather_chestplate":1,"supplementaries:flax_seeds":4,"supplementaries:ash":8,"minecraft:potato":3,"crossbowverhaul:bolt_iron":2,"minecraft:mangrove_log":2,"minecraft:andesite":4,"born_in_chaos_v1:corpse_maggot":14,"minecraft:melon_seeds":6,"born_in_chaos_v1:diamond_termite_shard":1,"minecraft:spider_eye":3,"minecraft:wooden_pickaxe":1,"minecraft:stone_pickaxe":4,"minecraft:calcite":1},"minecraft:picked_up":{"minecraft:wooden_axe":1,"minecraft:crafting_table":10,"born_in_chaos_v1:diamond_termite_shard":1,"minecraft:amethyst_block":4,"born_in_chaos_v1:black_argillite":2,"minecraft:string":3,"minecraft:raw_copper":134,"minecraft:wooden_sword":1,"biomesoplenty:yellow_autumn_sapling":36,"born_in_chaos_v1:intoxicating_decoction":2,"tacz:ammo":81,"minecraft:gold_nugget":23,"minecraft:cobbled_deepslate":25,"biomesoplenty:fir_planks":2,"minecraft:rose_bush":1,"born_in_chaos_v1:gnawed_bones":2,"minecraft:calcite":1,"minecraft:iron_nugget":12,"minecraft:light_gray_wool":1,"minecraft:chest":1,"minecraft:mangrove_log":2,"crossbowverhaul:bolt_iron":5,"minecraft:furnace":8,"minecraft:stick":1,"minecraft:raw_iron":61,"minecraft:torch":30,"born_in_chaos_v1:pileof_dark_metal":1,"minecraft:porkchop":2,"tombstone:grave_dust":2,"minecraft:diorite":12,"minecraft:redstone":46,"minecraft:arrow":2,"minecraft:rotten_flesh":20,"sophisticatedbackpacks:copper_backpack":1,"supplementaries:ash":9,"minecraft:mutton":13,"minecraft:white_wool":5,"minecraft:cobblestone":417,"born_in_chaos_v1:fused_bone":7,"born_in_chaos_v1:corpse_maggot":22,"minecraft:leather_chestplate":1,"minecraft:iron_door":1,"minecraft:andesite":8,"minecraft:potato":1,"biomesoplenty:fir_log":21,"paraglider:spirit_orb":5,"minecraft:oak_log":1,"supplementaries:flax_seeds":4,"minecraft:cobblestone_wall":2,"minecraft:gunpowder":1,"minecraft:lapis_lazuli":12,"minecraft:dirt":74,"born_in_chaos_v1:monster_skin":3,"minecraft:bone":87,"tetra:scroll_rolled":2,"minecraft:wheat_seeds":11,"biomesoplenty:fir_boat":1,"minecraft:raw_gold":15,"minecraft:iron_ingot":15,"minecraft:stone_pickaxe":2,"tombstone:bag_of_seeds":1,"minecraft:moss_block":1,"minecraft:iron_sword":2,"biomesoplenty:umbran_log":51,"biomesoplenty:toadstool":3,"minecraft:smooth_basalt":1,"minecraft:cooked_porkchop":2,"born_in_chaos_v1:ethereal_spirit":6,"tombstone:scroll_of_feather_fall":1,"minecraft:gravel":17,"minecraft:spider_eye":4,"minecraft:bundle":2,"tacz:modern_kinetic_gun":1,"minecraft:granite":2,"minecraft:gray_wool":1,"minecraft:emerald":2,"minecraft:baked_potato":31,"minecraft:coal":40},"minecraft:used":{"minecraft:moss_block":1,"minecraft:stone_sword":130,"minecraft:shield":27,"minecraft:iron_sword":176,"minecraft:rotten_flesh":11,"minecraft:iron_chestplate":1,"minecraft:torch":43,"minecraft:dirt":71,"biomesoplenty:umbran_log":5,"minecraft:carrot":6,"tetra:scroll_rolled":3,"born_in_chaos_v1:corpse_maggot":8,"minecraft:wooden_axe":59,"minecraft:smooth_basalt":1,"minecraft:furnace":7,"tombstone:gift":6,"minecraft:potato":5,"minecraft:cooked_mutton":8,"minecraft:water_bucket":33,"minecraft:amethyst_block":2,"minecraft:baked_potato":34,"minecraft:oak_planks":4,"minecraft:stone_pickaxe":224,"minecraft:wooden_pickaxe":16,"biomesoplenty:fir_planks":2,"biomesoplenty:fir_boat":1,"minecraft:crafting_table":10,"tombstone:bag_of_seeds":2,"born_in_chaos_v1:monster_flesh":1,"minecraft:bread":34,"minecraft:iron_pickaxe":462,"minecraft:gravel":5,"minecraft:stone_axe":53,"minecraft:wooden_sword":12,"minecraft:cobblestone":162,"minecraft:cooked_porkchop":4,"minecraft:andesite":3,"minecraft:bucket":34,"alexsmobs:animal_dictionary":1}},"DataVersion":3465}