{"stats":{"minecraft:killed":{"minecraft:skeleton":1},"minecraft:killed_by":{"minecraft:zombie":1},"minecraft:custom":{"minecraft:interact_with_furnace":27,"minecraft:mob_kills":1,"minecraft:interact_with_crafting_table":15,"minecraft:time_since_death":29131,"minecraft:time_since_rest":26732,"minecraft:sprint_one_cm":16534,"minecraft:damage_taken":438,"minecraft:walk_one_cm":82790,"minecraft:damage_blocked_by_shield":1058,"minecraft:drop":7,"minecraft:damage_dealt":667,"minecraft:swim_one_cm":662,"minecraft:fly_one_cm":44410,"minecraft:crouch_one_cm":16791,"minecraft:play_time":32620,"tombstone:undead_killed":1,"minecraft:deaths":1,"minecraft:sneak_time":9149,"minecraft:walk_under_water_one_cm":3430,"minecraft:jump":264,"minecraft:walk_on_water_one_cm":3200,"minecraft:total_world_time":32620,"minecraft:fall_one_cm":503},"minecraft:mined":{"minecraft:crafting_table":5,"minecraft:torch":8,"minecraft:granite":11,"minecraft:grass_block":4,"born_in_chaos_v1:black_argillite":1,"minecraft:copper_ore":20,"minecraft:cobblestone":2,"minecraft:lapis_ore":13,"minecraft:diorite":59,"minecraft:wall_torch":5,"supplementaries:urn":3,"minecraft:furnace":4,"minecraft:birch_log":20,"minecraft:iron_ore":16,"minecraft:andesite":26,"minecraft:coal_ore":58,"minecraft:deepslate_iron_ore":3,"minecraft:gravel":1,"minecraft:dirt":43,"minecraft:stone":192,"minecraft:fern":2},"minecraft:broken":{"minecraft:stone_pickaxe":2,"minecraft:wooden_pickaxe":1},"minecraft:crafted":{"minecraft:wooden_shovel":1,"minecraft:crafting_table":1,"minecraft:wooden_pickaxe":1,"minecraft:birch_boat":1,"minecraft:furnace":1,"minecraft:birch_planks":36,"minecraft:stone_axe":1,"minecraft:iron_chestplate":1,"minecraft:charcoal":2,"minecraft:shield":1,"minecraft:iron_axe":1,"minecraft:stick":20,"minecraft:iron_ingot":15,"minecraft:iron_pickaxe":1,"minecraft:stone_pickaxe":2,"minecraft:wooden_axe":1,"minecraft:stone_sword":1,"minecraft:birch_button":1,"minecraft:torch":8},"minecraft:dropped":{"alexsmobs:animal_dictionary":1,"supplementaries:ash":5,"born_in_chaos_v1:black_argillite":1},"minecraft:picked_up":{"minecraft:birch_log":20,"minecraft:crafting_table":5,"minecraft:andesite":26,"born_in_chaos_v1:black_argillite":1,"minecraft:lapis_lazuli":73,"minecraft:dirt":47,"minecraft:raw_copper":68,"biomesoplenty:yellow_autumn_sapling":2,"minecraft:furnace":4,"minecraft:stick":1,"minecraft:raw_iron":19,"minecraft:birch_boat":1,"minecraft:torch":13,"minecraft:diorite":59,"alexsmobs:animal_dictionary":1,"minecraft:granite":11,"minecraft:emerald":2,"supplementaries:ash":5,"minecraft:coal":127,"minecraft:cobblestone":193},"minecraft:used":{"minecraft:stone_sword":14,"minecraft:stone_pickaxe":262,"minecraft:shield":7,"minecraft:wooden_pickaxe":59,"minecraft:birch_boat":2,"minecraft:wooden_shovel":47,"minecraft:torch":16,"minecraft:dirt":4,"minecraft:crafting_table":5,"minecraft:wooden_axe":22,"minecraft:iron_pickaxe":88,"minecraft:stone_axe":2,"minecraft:cobblestone":43,"minecraft:furnace":4,"minecraft:birch_log":1,"minecraft:andesite":2}},"DataVersion":3465}