{"stats":{"minecraft:killed":{"born_in_chaos_v1:maggot":1,"minecraft:skeleton":4,"minecraft:drowned":2,"born_in_chaos_v1:decrepit_skeleton":2,"minecraft:zombie":6},"minecraft:killed_by":{"minecraft:skeleton":1,"minecraft:zombie":3},"minecraft:custom":{"minecraft:mob_kills":16,"minecraft:interact_with_anvil":1,"minecraft:interact_with_crafting_table":28,"minecraft:damage_dealt_resisted":12,"minecraft:leave_game":1,"minecraft:time_since_death":5719,"minecraft:climb_one_cm":315,"minecraft:sprint_one_cm":98200,"minecraft:walk_one_cm":252548,"minecraft:damage_blocked_by_shield":3319,"minecraft:drop":15,"minecraft:play_time":80175,"minecraft:sneak_time":13968,"minecraft:deaths":11,"minecraft:walk_under_water_one_cm":20603,"minecraft:boat_one_cm":68037,"minecraft:jump":569,"minecraft:walk_on_water_one_cm":12945,"minecraft:total_world_time":80175,"minecraft:interact_with_furnace":37,"minecraft:time_since_rest":5492,"minecraft:damage_taken":3591,"minecraft:damage_dealt":7169,"minecraft:swim_one_cm":50678,"minecraft:fly_one_cm":87101,"minecraft:open_chest":18,"minecraft:crouch_one_cm":25831,"tombstone:undead_killed":14,"minecraft:fall_one_cm":2378},"minecraft:mined":{"minecraft:deepslate_tiles":3,"minecraft:white_bed":2,"minecraft:dark_oak_leaves":8,"minecraft:dark_oak_log":268,"minecraft:granite":11,"minecraft:grass_block":115,"born_in_chaos_v1:black_argillite":1,"minecraft:kelp":5,"minecraft:tall_seagrass":1,"minecraft:furnace":5,"minecraft:iron_ore":18,"minecraft:andesite":26,"minecraft:anvil":1,"minecraft:deepslate_iron_ore":3,"minecraft:stone":277,"minecraft:kelp_plant":28,"minecraft:crafting_table":6,"minecraft:torch":10,"minecraft:cobblestone":4,"minecraft:copper_ore":20,"minecraft:lapis_ore":13,"minecraft:diorite":59,"minecraft:wall_torch":6,"supplementaries:urn":3,"minecraft:birch_log":20,"minecraft:cracked_deepslate_tiles":1,"minecraft:grass":4,"minecraft:coal_ore":58,"minecraft:oak_log":10,"minecraft:gravel":1,"minecraft:dirt":113,"minecraft:cobweb":17,"minecraft:stone_bricks":2,"minecraft:oak_leaves":6,"minecraft:fern":2},"minecraft:broken":{"minecraft:wooden_shovel":1,"minecraft:stone_sword":1,"minecraft:wooden_pickaxe":1,"minecraft:stone_pickaxe":2,"minecraft:shield":1,"minecraft:iron_axe":1,"minecraft:stone_axe":1,"minecraft:wooden_axe":1},"minecraft:crafted":{"minecraft:birch_boat":1,"minecraft:furnace":1,"minecraft:stone":64,"minecraft:iron_axe":1,"minecraft:stone_pickaxe":2,"minecraft:chest":1,"minecraft:birch_door":3,"minecraft:birch_button":1,"minecraft:dark_oak_planks":292,"minecraft:wooden_shovel":1,"minecraft:crafting_table":2,"minecraft:wooden_pickaxe":1,"minecraft:iron_helmet":1,"minecraft:dark_oak_button":256,"minecraft:birch_planks":60,"minecraft:stone_axe":5,"minecraft:bread":4,"minecraft:white_wool":3,"minecraft:iron_chestplate":1,"minecraft:charcoal":2,"minecraft:shield":1,"minecraft:stick":20,"minecraft:iron_ingot":21,"minecraft:iron_pickaxe":1,"minecraft:wooden_axe":1,"minecraft:stone_sword":1,"minecraft:iron_shovel":1,"minecraft:white_bed":1,"minecraft:torch":8},"minecraft:dropped":{"minecraft:cobblestone":36,"minecraft:granite":11,"born_in_chaos_v1:black_argillite":1,"minecraft:string":5,"minecraft:kelp":94,"alexsmobs:animal_dictionary":1,"biomesoplenty:yellow_autumn_sapling":2,"minecraft:filled_map":1,"supplementaries:ash":5,"minecraft:andesite":24},"minecraft:picked_up":{"minecraft:crafting_table":6,"minecraft:anvil":1,"born_in_chaos_v1:black_argillite":1,"minecraft:string":17,"minecraft:raw_copper":68,"biomesoplenty:yellow_autumn_sapling":4,"minecraft:deepslate_tiles":3,"minecraft:furnace":5,"minecraft:dark_oak_sapling":8,"minecraft:stick":21,"minecraft:raw_iron":21,"born_in_chaos_v1:shattered_skull":1,"minecraft:torch":19,"tombstone:grave_dust":1,"minecraft:diorite":59,"minecraft:arrow":3,"minecraft:rotten_flesh":14,"supplementaries:ash":5,"minecraft:cobblestone":280,"minecraft:cracked_deepslate_tiles":1,"minecraft:birch_log":20,"minecraft:andesite":26,"minecraft:tuff":1,"minecraft:oak_log":10,"minecraft:lapis_lazuli":73,"minecraft:dirt":233,"minecraft:bone":4,"minecraft:apple":6,"minecraft:stone_bricks":2,"minecraft:kelp":94,"minecraft:bow":1,"minecraft:wheat_seeds":1,"minecraft:birch_boat":3,"minecraft:white_bed":2,"minecraft:dark_oak_log":256,"alexsmobs:animal_dictionary":1,"minecraft:bundle":1,"minecraft:granite":11,"minecraft:emerald":2,"minecraft:oak_sapling":3,"minecraft:coal":181},"minecraft:used":{"minecraft:stone_sword":114,"minecraft:iron_shovel":165,"minecraft:chest":1,"minecraft:shield":32,"minecraft:wooden_shovel":59,"minecraft:rotten_flesh":2,"minecraft:torch":23,"minecraft:dirt":206,"minecraft:anvil":1,"minecraft:cracked_deepslate_tiles":1,"minecraft:tuff":1,"minecraft:birch_door":2,"minecraft:wooden_axe":48,"minecraft:iron_axe":234,"minecraft:dark_oak_button":158,"minecraft:stone_bricks":2,"minecraft:bow":3,"minecraft:furnace":6,"tombstone:gift":3,"minecraft:stone_pickaxe":262,"minecraft:birch_boat":4,"minecraft:wooden_pickaxe":59,"minecraft:crafting_table":8,"minecraft:white_bed":3,"minecraft:deepslate_tiles":3,"minecraft:apple":1,"minecraft:dark_oak_log":1,"minecraft:bread":4,"minecraft:iron_pickaxe":185,"biomesoplenty:yellow_autumn_sapling":2,"minecraft:stone_axe":114,"minecraft:cobblestone":55,"minecraft:andesite":2,"minecraft:birch_log":1}},"DataVersion":3465}