{"stats":{"minecraft:killed_by":{"minecraft:zombie":1},"minecraft:custom":{"minecraft:time_since_rest":2732,"minecraft:crouch_one_cm":1007,"minecraft:play_time":8620,"minecraft:sprint_one_cm":13509,"minecraft:walk_one_cm":19907,"minecraft:damage_taken":282,"minecraft:deaths":1,"minecraft:sneak_time":994,"minecraft:drop":1,"minecraft:jump":118,"minecraft:damage_dealt":102,"minecraft:time_since_death":5131,"minecraft:total_world_time":8620,"minecraft:interact_with_crafting_table":5,"minecraft:fly_one_cm":42632},"minecraft:mined":{"minecraft:grass_block":1,"minecraft:dirt":27,"minecraft:birch_log":7,"minecraft:stone":19,"minecraft:fern":1,"minecraft:crafting_table":1},"minecraft:crafted":{"minecraft:wooden_shovel":1,"minecraft:birch_planks":16,"minecraft:crafting_table":1,"minecraft:stick":8,"minecraft:stone_pickaxe":1,"minecraft:wooden_pickaxe":1,"minecraft:wooden_axe":1},"minecraft:dropped":{"alexsmobs:animal_dictionary":1},"minecraft:picked_up":{"minecraft:birch_log":7,"biomesoplenty:yellow_autumn_sapling":1,"minecraft:crafting_table":1,"minecraft:dirt":28,"alexsmobs:animal_dictionary":1,"minecraft:cobblestone":19},"minecraft:used":{"minecraft:wooden_axe":6,"minecraft:dirt":1,"minecraft:crafting_table":2,"minecraft:wooden_pickaxe":19,"minecraft:wooden_shovel":28}},"DataVersion":3465}