{"stats":{"minecraft:killed":{"born_in_chaos_v1:maggot":1,"minecraft:skeleton":8,"minecraft:drowned":2,"minecraft:zombie_villager":1,"born_in_chaos_v1:decrepit_skeleton":3,"minecraft:zombie":10},"minecraft:killed_by":{"midnightlurker:void_hands":1,"minecraft:skeleton":7,"minecraft:zombie":7},"minecraft:custom":{"minecraft:mob_kills":26,"minecraft:interact_with_anvil":3,"minecraft:interact_with_crafting_table":36,"minecraft:damage_dealt_resisted":103,"minecraft:leave_game":1,"minecraft:time_since_death":10695,"minecraft:climb_one_cm":315,"minecraft:sprint_one_cm":162512,"minecraft:walk_one_cm":601508,"minecraft:damage_blocked_by_shield":3319,"minecraft:drop":20,"minecraft:play_time":146175,"minecraft:sneak_time":27443,"minecraft:deaths":40,"minecraft:walk_under_water_one_cm":48063,"minecraft:boat_one_cm":68037,"minecraft:jump":889,"minecraft:walk_on_water_one_cm":25861,"minecraft:total_world_time":146175,"minecraft:interact_with_furnace":39,"minecraft:sleep_in_bed":1,"minecraft:time_since_rest":10476,"minecraft:damage_taken":13070,"minecraft:damage_dealt":13367,"minecraft:swim_one_cm":62889,"minecraft:fly_one_cm":117576,"minecraft:open_chest":31,"minecraft:crouch_one_cm":45267,"tombstone:undead_killed":24,"minecraft:fall_one_cm":3545},"minecraft:mined":{"minecraft:deepslate_tiles":3,"minecraft:white_bed":3,"minecraft:dark_oak_leaves":14,"minecraft:dark_oak_log":834,"minecraft:granite":11,"minecraft:grass_block":643,"born_in_chaos_v1:black_argillite":1,"minecraft:brown_mushroom_block":45,"minecraft:kelp":5,"minecraft:tall_seagrass":1,"minecraft:furnace":5,"minecraft:iron_ore":18,"minecraft:andesite":26,"minecraft:anvil":1,"minecraft:deepslate_iron_ore":3,"minecraft:stone":277,"minecraft:kelp_plant":28,"minecraft:crafting_table":6,"minecraft:torch":19,"minecraft:mushroom_stem":4,"minecraft:cobblestone":4,"minecraft:copper_ore":20,"minecraft:lapis_ore":13,"minecraft:diorite":59,"minecraft:wall_torch":6,"supplementaries:urn":3,"minecraft:birch_log":43,"minecraft:cracked_deepslate_tiles":1,"minecraft:grass":8,"minecraft:coal_ore":58,"minecraft:oak_log":45,"minecraft:dark_oak_button":1,"minecraft:gravel":1,"minecraft:sand":12,"minecraft:dirt":144,"minecraft:cobweb":17,"minecraft:stone_bricks":2,"minecraft:oak_leaves":14,"minecraft:fern":2},"minecraft:broken":{"minecraft:iron_shovel":1,"minecraft:wooden_shovel":1,"minecraft:stone_sword":1,"minecraft:iron_chestplate":1,"minecraft:wooden_pickaxe":1,"minecraft:stone_pickaxe":2,"minecraft:shield":1,"minecraft:iron_axe":1,"minecraft:stone_axe":8,"minecraft:iron_helmet":1,"minecraft:wooden_axe":1,"minecraft:stone_shovel":4},"minecraft:crafted":{"minecraft:stone_shovel":8,"minecraft:birch_boat":1,"minecraft:furnace":1,"minecraft:stone":128,"minecraft:iron_axe":1,"minecraft:stone_pickaxe":2,"minecraft:chest":1,"minecraft:birch_door":3,"minecraft:birch_button":1,"minecraft:dark_oak_planks":1122,"minecraft:wooden_shovel":1,"minecraft:crafting_table":2,"minecraft:wooden_pickaxe":1,"minecraft:iron_helmet":1,"minecraft:dark_oak_button":1088,"minecraft:birch_planks":60,"minecraft:stone_axe":9,"minecraft:bread":4,"minecraft:white_wool":3,"minecraft:iron_chestplate":1,"minecraft:charcoal":2,"minecraft:shield":1,"minecraft:stick":20,"minecraft:iron_ingot":21,"minecraft:iron_pickaxe":1,"minecraft:wooden_axe":1,"minecraft:stone_sword":1,"minecraft:iron_shovel":1,"minecraft:white_bed":1,"minecraft:torch":8},"minecraft:dropped":{"minecraft:dark_oak_sapling":2,"minecraft:cobblestone":36,"minecraft:granite":11,"minecraft:stick":2,"born_in_chaos_v1:black_argillite":1,"tombstone:grave_key":1,"minecraft:string":5,"minecraft:kelp":94,"alexsmobs:animal_dictionary":1,"biomesoplenty:yellow_autumn_sapling":2,"minecraft:filled_map":1,"supplementaries:ash":5,"minecraft:andesite":24},"minecraft:picked_up":{"minecraft:crafting_table":6,"minecraft:anvil":1,"minecraft:brown_mushroom":17,"tombstone:grave_key":1,"born_in_chaos_v1:black_argillite":1,"minecraft:string":17,"minecraft:raw_copper":68,"biomesoplenty:yellow_autumn_sapling":4,"minecraft:deepslate_tiles":3,"minecraft:birch_sapling":2,"minecraft:furnace":5,"minecraft:dark_oak_sapling":63,"minecraft:stick":42,"minecraft:raw_iron":21,"born_in_chaos_v1:shattered_skull":1,"minecraft:torch":28,"tombstone:grave_dust":1,"minecraft:diorite":59,"minecraft:arrow":9,"minecraft:rotten_flesh":19,"supplementaries:ash":5,"minecraft:cobblestone":280,"minecraft:cracked_deepslate_tiles":1,"minecraft:birch_log":43,"minecraft:dark_oak_button":3,"minecraft:andesite":26,"minecraft:tuff":1,"minecraft:oak_log":45,"minecraft:lapis_lazuli":73,"minecraft:dirt":805,"minecraft:bone":8,"minecraft:apple":15,"minecraft:stone_bricks":2,"minecraft:kelp":94,"minecraft:bow":1,"minecraft:wheat_seeds":5,"tombstone:bag_of_seeds":1,"minecraft:birch_boat":3,"minecraft:sand":12,"minecraft:white_bed":3,"minecraft:dark_oak_log":766,"alexsmobs:animal_dictionary":1,"minecraft:bundle":1,"minecraft:granite":11,"minecraft:emerald":2,"minecraft:oak_sapling":10,"minecraft:coal":181},"minecraft:used":{"minecraft:stone_sword":114,"minecraft:iron_shovel":252,"minecraft:stone_shovel":509,"minecraft:chest":1,"minecraft:shield":32,"minecraft:wooden_shovel":59,"minecraft:rotten_flesh":2,"minecraft:torch":32,"minecraft:dirt":479,"minecraft:anvil":1,"minecraft:cracked_deepslate_tiles":1,"minecraft:tuff":1,"minecraft:birch_door":3,"minecraft:wooden_axe":48,"minecraft:iron_axe":234,"minecraft:dark_oak_button":1094,"minecraft:stone_bricks":2,"minecraft:bow":3,"minecraft:furnace":6,"tombstone:gift":3,"minecraft:stone_pickaxe":262,"minecraft:birch_boat":4,"minecraft:wooden_pickaxe":59,"minecraft:crafting_table":8,"minecraft:white_bed":4,"minecraft:deepslate_tiles":3,"minecraft:apple":7,"minecraft:dark_oak_log":9,"minecraft:bread":4,"minecraft:iron_pickaxe":185,"biomesoplenty:yellow_autumn_sapling":2,"minecraft:stone_axe":922,"minecraft:fishing_rod":3,"minecraft:cobblestone":55,"minecraft:andesite":2,"minecraft:birch_log":1}},"DataVersion":3465}