{"stats":{"minecraft:killed_by":{"minecraft:zombie":1},"minecraft:custom":{"minecraft:time_since_rest":14732,"minecraft:sprint_one_cm":14478,"minecraft:interact_with_furnace":14,"minecraft:damage_taken":300,"minecraft:walk_one_cm":50549,"minecraft:drop":1,"minecraft:damage_dealt":202,"minecraft:interact_with_crafting_table":11,"minecraft:fly_one_cm":43017,"minecraft:crouch_one_cm":6597,"minecraft:play_time":20620,"minecraft:deaths":1,"minecraft:sneak_time":4707,"minecraft:walk_under_water_one_cm":3127,"minecraft:jump":191,"minecraft:walk_on_water_one_cm":1045,"minecraft:time_since_death":17131,"minecraft:total_world_time":20620},"minecraft:mined":{"minecraft:furnace":2,"minecraft:iron_ore":6,"minecraft:birch_log":20,"minecraft:andesite":8,"minecraft:crafting_table":3,"minecraft:granite":9,"minecraft:grass_block":4,"minecraft:coal_ore":25,"minecraft:gravel":1,"minecraft:dirt":43,"minecraft:cobblestone":2,"minecraft:stone":129,"minecraft:diorite":24,"minecraft:fern":2},"minecraft:broken":{"minecraft:stone_pickaxe":1,"minecraft:wooden_pickaxe":1},"minecraft:crafted":{"minecraft:wooden_shovel":1,"minecraft:charcoal":2,"minecraft:crafting_table":1,"minecraft:stick":16,"minecraft:iron_pickaxe":1,"minecraft:iron_ingot":4,"minecraft:birch_boat":1,"minecraft:wooden_pickaxe":1,"minecraft:stone_pickaxe":2,"minecraft:wooden_axe":1,"minecraft:stone_sword":1,"minecraft:furnace":1,"minecraft:birch_button":1,"minecraft:torch":8,"minecraft:birch_planks":28,"minecraft:stone_axe":1},"minecraft:dropped":{"alexsmobs:animal_dictionary":1},"minecraft:picked_up":{"minecraft:birch_log":20,"minecraft:raw_iron":6,"minecraft:stick":1,"minecraft:crafting_table":3,"minecraft:andesite":8,"minecraft:diorite":24,"alexsmobs:animal_dictionary":1,"minecraft:dirt":47,"biomesoplenty:yellow_autumn_sapling":2,"minecraft:granite":9,"minecraft:coal":25,"minecraft:cobblestone":128,"minecraft:furnace":2},"minecraft:used":{"minecraft:wooden_axe":21,"minecraft:stone_sword":2,"minecraft:stone_pickaxe":146,"minecraft:wooden_pickaxe":59,"minecraft:wooden_shovel":47,"minecraft:stone_axe":1,"minecraft:dirt":4,"minecraft:cobblestone":23,"minecraft:crafting_table":4,"minecraft:furnace":3,"minecraft:andesite":2,"minecraft:birch_log":1}},"DataVersion":3465}