{"stats":{"minecraft:killed":{"born_in_chaos_v1:decrepit_skeleton":2,"born_in_chaos_v1:maggot":1,"minecraft:skeleton":3,"minecraft:zombie":6,"minecraft:drowned":1},"minecraft:killed_by":{"minecraft:skeleton":1,"minecraft:zombie":3},"minecraft:custom":{"minecraft:interact_with_furnace":34,"minecraft:interact_with_anvil":1,"minecraft:mob_kills":14,"minecraft:interact_with_crafting_table":26,"minecraft:damage_dealt_resisted":12,"minecraft:leave_game":1,"minecraft:time_since_death":1151,"minecraft:climb_one_cm":315,"minecraft:time_since_rest":859,"minecraft:sprint_one_cm":86747,"minecraft:damage_taken":3134,"minecraft:walk_one_cm":202662,"minecraft:damage_blocked_by_shield":2901,"minecraft:drop":15,"minecraft:damage_dealt":6455,"minecraft:swim_one_cm":50678,"minecraft:fly_one_cm":85611,"minecraft:open_chest":14,"minecraft:crouch_one_cm":22912,"minecraft:play_time":68175,"tombstone:undead_killed":12,"minecraft:deaths":10,"minecraft:sneak_time":12523,"minecraft:walk_under_water_one_cm":18243,"minecraft:boat_one_cm":68037,"minecraft:jump":532,"minecraft:walk_on_water_one_cm":10879,"minecraft:total_world_time":68175,"minecraft:fall_one_cm":2378},"minecraft:mined":{"minecraft:deepslate_tiles":3,"minecraft:white_bed":2,"minecraft:dark_oak_leaves":7,"minecraft:kelp_plant":28,"minecraft:dark_oak_log":124,"minecraft:crafting_table":6,"minecraft:torch":10,"minecraft:granite":11,"minecraft:grass_block":53,"born_in_chaos_v1:black_argillite":1,"minecraft:copper_ore":20,"minecraft:cobblestone":4,"minecraft:lapis_ore":13,"minecraft:kelp":5,"minecraft:diorite":59,"minecraft:wall_torch":6,"supplementaries:urn":3,"minecraft:tall_seagrass":1,"minecraft:furnace":5,"minecraft:birch_log":20,"minecraft:iron_ore":18,"minecraft:andesite":26,"minecraft:oak_log":4,"minecraft:anvil":1,"minecraft:grass":2,"minecraft:cracked_deepslate_tiles":1,"minecraft:coal_ore":58,"minecraft:deepslate_iron_ore":3,"minecraft:gravel":1,"minecraft:dirt":104,"minecraft:cobweb":17,"minecraft:stone_bricks":2,"minecraft:stone":277,"minecraft:oak_leaves":6,"minecraft:fern":2},"minecraft:broken":{"minecraft:stone_pickaxe":2,"minecraft:stone_sword":1,"minecraft:stone_axe":1,"minecraft:wooden_pickaxe":1},"minecraft:crafted":{"minecraft:wooden_shovel":1,"minecraft:crafting_table":2,"minecraft:iron_helmet":1,"minecraft:wooden_pickaxe":1,"minecraft:birch_boat":1,"minecraft:furnace":1,"minecraft:birch_planks":60,"minecraft:stone_axe":1,"minecraft:bread":4,"minecraft:white_wool":3,"minecraft:iron_chestplate":1,"minecraft:charcoal":2,"minecraft:shield":1,"minecraft:iron_axe":1,"minecraft:stick":20,"minecraft:iron_shovel":1,"minecraft:iron_ingot":21,"minecraft:iron_pickaxe":1,"minecraft:stone_pickaxe":2,"minecraft:wooden_axe":1,"minecraft:stone_sword":1,"minecraft:chest":1,"minecraft:white_bed":1,"minecraft:birch_door":3,"minecraft:dark_oak_planks":36,"minecraft:birch_button":1,"minecraft:torch":8},"minecraft:dropped":{"minecraft:kelp":94,"alexsmobs:animal_dictionary":1,"biomesoplenty:yellow_autumn_sapling":2,"minecraft:cobblestone":36,"minecraft:granite":11,"minecraft:filled_map":1,"supplementaries:ash":5,"born_in_chaos_v1:black_argillite":1,"minecraft:andesite":24,"minecraft:string":5},"minecraft:picked_up":{"minecraft:cracked_deepslate_tiles":1,"minecraft:birch_log":20,"minecraft:crafting_table":6,"minecraft:anvil":1,"minecraft:andesite":26,"minecraft:oak_log":4,"minecraft:tuff":1,"minecraft:lapis_lazuli":73,"born_in_chaos_v1:black_argillite":1,"minecraft:string":17,"minecraft:dirt":164,"minecraft:raw_copper":68,"biomesoplenty:yellow_autumn_sapling":4,"minecraft:bone":4,"minecraft:apple":3,"minecraft:stone_bricks":2,"minecraft:kelp":94,"minecraft:bow":1,"minecraft:wheat_seeds":1,"minecraft:deepslate_tiles":3,"minecraft:furnace":5,"minecraft:dark_oak_sapling":4,"born_in_chaos_v1:shattered_skull":1,"minecraft:raw_iron":21,"minecraft:stick":9,"minecraft:birch_boat":3,"minecraft:torch":19,"tombstone:grave_dust":1,"minecraft:diorite":59,"minecraft:white_bed":2,"minecraft:bundle":1,"minecraft:dark_oak_log":105,"alexsmobs:animal_dictionary":1,"minecraft:arrow":2,"minecraft:rotten_flesh":12,"minecraft:granite":11,"minecraft:emerald":2,"supplementaries:ash":5,"minecraft:coal":181,"minecraft:cobblestone":280},"minecraft:used":{"minecraft:stone_sword":114,"minecraft:iron_shovel":94,"minecraft:stone_pickaxe":262,"minecraft:chest":1,"minecraft:wooden_pickaxe":59,"minecraft:birch_boat":4,"minecraft:shield":28,"minecraft:wooden_shovel":58,"minecraft:rotten_flesh":2,"minecraft:torch":23,"minecraft:dirt":142,"minecraft:anvil":1,"minecraft:crafting_table":8,"minecraft:cracked_deepslate_tiles":1,"minecraft:white_bed":3,"minecraft:tuff":1,"minecraft:birch_door":2,"minecraft:deepslate_tiles":3,"minecraft:wooden_axe":35,"minecraft:iron_axe":105,"minecraft:bread":3,"minecraft:iron_pickaxe":185,"biomesoplenty:yellow_autumn_sapling":2,"minecraft:stone_bricks":2,"minecraft:stone_axe":89,"minecraft:cobblestone":55,"minecraft:bow":3,"minecraft:furnace":6,"minecraft:birch_log":1,"minecraft:andesite":2,"tombstone:gift":3}},"DataVersion":3465}