{"stats":{"minecraft:killed":{"minecraft:skeleton":1,"minecraft:zombie":1},"minecraft:killed_by":{"minecraft:zombie":2},"minecraft:custom":{"minecraft:interact_with_furnace":30,"minecraft:interact_with_anvil":1,"minecraft:mob_kills":2,"minecraft:interact_with_crafting_table":20,"minecraft:leave_game":1,"minecraft:time_since_death":7834,"minecraft:climb_one_cm":315,"minecraft:time_since_rest":5436,"minecraft:sprint_one_cm":60528,"minecraft:damage_taken":576,"minecraft:walk_one_cm":128934,"minecraft:damage_blocked_by_shield":1058,"minecraft:drop":11,"minecraft:damage_dealt":1343,"minecraft:swim_one_cm":34004,"minecraft:fly_one_cm":74454,"minecraft:open_chest":3,"minecraft:crouch_one_cm":16992,"minecraft:play_time":44175,"tombstone:undead_killed":2,"minecraft:deaths":2,"minecraft:sneak_time":9263,"minecraft:walk_under_water_one_cm":7061,"minecraft:jump":401,"minecraft:walk_on_water_one_cm":6350,"minecraft:total_world_time":44175,"minecraft:fall_one_cm":714},"minecraft:mined":{"minecraft:deepslate_tiles":3,"minecraft:kelp_plant":28,"minecraft:crafting_table":5,"minecraft:torch":10,"minecraft:granite":11,"minecraft:grass_block":4,"born_in_chaos_v1:black_argillite":1,"minecraft:copper_ore":20,"minecraft:cobblestone":2,"minecraft:lapis_ore":13,"minecraft:kelp":5,"minecraft:diorite":59,"minecraft:wall_torch":6,"supplementaries:urn":3,"minecraft:tall_seagrass":1,"minecraft:furnace":5,"minecraft:birch_log":20,"minecraft:iron_ore":18,"minecraft:andesite":26,"minecraft:anvil":1,"minecraft:cracked_deepslate_tiles":1,"minecraft:coal_ore":58,"minecraft:deepslate_iron_ore":3,"minecraft:gravel":1,"minecraft:dirt":46,"minecraft:cobweb":17,"minecraft:stone_bricks":2,"minecraft:stone":235,"minecraft:fern":2},"minecraft:broken":{"minecraft:stone_pickaxe":2,"minecraft:wooden_pickaxe":1},"minecraft:crafted":{"minecraft:wooden_shovel":1,"minecraft:crafting_table":1,"minecraft:iron_helmet":1,"minecraft:wooden_pickaxe":1,"minecraft:birch_boat":1,"minecraft:furnace":1,"minecraft:birch_planks":36,"minecraft:stone_axe":1,"minecraft:white_wool":3,"minecraft:iron_chestplate":1,"minecraft:charcoal":2,"minecraft:shield":1,"minecraft:iron_axe":1,"minecraft:stick":20,"minecraft:iron_ingot":21,"minecraft:iron_pickaxe":1,"minecraft:stone_pickaxe":2,"minecraft:wooden_axe":1,"minecraft:stone_sword":1,"minecraft:white_bed":1,"minecraft:birch_button":1,"minecraft:torch":8},"minecraft:dropped":{"minecraft:kelp":94,"alexsmobs:animal_dictionary":1,"minecraft:cobblestone":36,"supplementaries:ash":5,"born_in_chaos_v1:black_argillite":1,"minecraft:andesite":24},"minecraft:picked_up":{"minecraft:cracked_deepslate_tiles":1,"minecraft:birch_log":20,"minecraft:crafting_table":5,"minecraft:anvil":1,"minecraft:andesite":26,"minecraft:tuff":1,"minecraft:lapis_lazuli":73,"born_in_chaos_v1:black_argillite":1,"minecraft:string":17,"minecraft:dirt":50,"minecraft:raw_copper":68,"biomesoplenty:yellow_autumn_sapling":2,"minecraft:stone_bricks":2,"minecraft:kelp":94,"minecraft:deepslate_tiles":3,"minecraft:furnace":5,"minecraft:raw_iron":21,"minecraft:stick":1,"minecraft:birch_boat":3,"minecraft:torch":19,"minecraft:diorite":59,"alexsmobs:animal_dictionary":1,"minecraft:rotten_flesh":2,"minecraft:granite":11,"minecraft:emerald":2,"supplementaries:ash":5,"minecraft:coal":181,"minecraft:cobblestone":236},"minecraft:used":{"minecraft:stone_sword":48,"minecraft:stone_pickaxe":262,"minecraft:wooden_pickaxe":59,"minecraft:birch_boat":3,"minecraft:shield":7,"minecraft:wooden_shovel":47,"minecraft:rotten_flesh":2,"minecraft:torch":23,"minecraft:dirt":4,"minecraft:crafting_table":6,"minecraft:cracked_deepslate_tiles":1,"minecraft:tuff":1,"minecraft:deepslate_tiles":3,"minecraft:wooden_axe":22,"minecraft:iron_pickaxe":141,"minecraft:stone_bricks":2,"minecraft:stone_axe":2,"minecraft:cobblestone":53,"minecraft:furnace":5,"minecraft:birch_log":1,"minecraft:andesite":2}},"DataVersion":3465}