{"stats":{"minecraft:killed":{"born_in_chaos_v1:maggot":1,"minecraft:skeleton":3,"minecraft:zombie":3,"minecraft:drowned":1},"minecraft:killed_by":{"minecraft:skeleton":1,"minecraft:zombie":3},"minecraft:custom":{"minecraft:interact_with_furnace":30,"minecraft:interact_with_anvil":1,"minecraft:mob_kills":9,"minecraft:interact_with_crafting_table":25,"minecraft:damage_dealt_resisted":12,"minecraft:leave_game":1,"minecraft:time_since_death":1874,"minecraft:climb_one_cm":315,"minecraft:time_since_rest":1821,"minecraft:sprint_one_cm":77625,"minecraft:damage_taken":2269,"minecraft:walk_one_cm":161200,"minecraft:damage_blocked_by_shield":2855,"minecraft:drop":15,"minecraft:damage_dealt":3508,"minecraft:swim_one_cm":50678,"minecraft:fly_one_cm":81519,"minecraft:open_chest":10,"minecraft:crouch_one_cm":17149,"minecraft:play_time":56175,"tombstone:undead_killed":7,"minecraft:deaths":7,"minecraft:sneak_time":9357,"minecraft:walk_under_water_one_cm":17933,"minecraft:boat_one_cm":68037,"minecraft:jump":463,"minecraft:walk_on_water_one_cm":9855,"minecraft:total_world_time":56175,"minecraft:fall_one_cm":714},"minecraft:mined":{"minecraft:deepslate_tiles":3,"minecraft:white_bed":2,"minecraft:kelp_plant":28,"minecraft:dark_oak_log":9,"minecraft:crafting_table":6,"minecraft:torch":10,"minecraft:granite":11,"minecraft:grass_block":23,"born_in_chaos_v1:black_argillite":1,"minecraft:copper_ore":20,"minecraft:cobblestone":2,"minecraft:lapis_ore":13,"minecraft:kelp":5,"minecraft:diorite":59,"minecraft:wall_torch":6,"supplementaries:urn":3,"minecraft:tall_seagrass":1,"minecraft:furnace":5,"minecraft:birch_log":20,"minecraft:iron_ore":18,"minecraft:andesite":26,"minecraft:anvil":1,"minecraft:grass":1,"minecraft:cracked_deepslate_tiles":1,"minecraft:coal_ore":58,"minecraft:deepslate_iron_ore":3,"minecraft:gravel":1,"minecraft:dirt":65,"minecraft:cobweb":17,"minecraft:stone_bricks":2,"minecraft:stone":241,"minecraft:fern":2},"minecraft:broken":{"minecraft:stone_pickaxe":2,"minecraft:wooden_pickaxe":1},"minecraft:crafted":{"minecraft:wooden_shovel":1,"minecraft:crafting_table":2,"minecraft:iron_helmet":1,"minecraft:wooden_pickaxe":1,"minecraft:birch_boat":1,"minecraft:furnace":1,"minecraft:birch_planks":60,"minecraft:stone_axe":1,"minecraft:bread":4,"minecraft:white_wool":3,"minecraft:iron_chestplate":1,"minecraft:charcoal":2,"minecraft:shield":1,"minecraft:iron_axe":1,"minecraft:stick":20,"minecraft:iron_shovel":1,"minecraft:iron_ingot":21,"minecraft:iron_pickaxe":1,"minecraft:stone_pickaxe":2,"minecraft:wooden_axe":1,"minecraft:stone_sword":1,"minecraft:chest":1,"minecraft:white_bed":1,"minecraft:birch_door":3,"minecraft:dark_oak_planks":36,"minecraft:birch_button":1,"minecraft:torch":8},"minecraft:dropped":{"minecraft:kelp":94,"alexsmobs:animal_dictionary":1,"biomesoplenty:yellow_autumn_sapling":2,"minecraft:cobblestone":36,"minecraft:granite":11,"minecraft:filled_map":1,"supplementaries:ash":5,"born_in_chaos_v1:black_argillite":1,"minecraft:andesite":24,"minecraft:string":5},"minecraft:picked_up":{"minecraft:cracked_deepslate_tiles":1,"minecraft:birch_log":20,"minecraft:crafting_table":6,"minecraft:anvil":1,"minecraft:andesite":26,"minecraft:tuff":1,"minecraft:lapis_lazuli":73,"born_in_chaos_v1:black_argillite":1,"minecraft:string":17,"minecraft:dirt":98,"minecraft:raw_copper":68,"biomesoplenty:yellow_autumn_sapling":4,"minecraft:bone":2,"minecraft:stone_bricks":2,"minecraft:kelp":94,"minecraft:bow":1,"minecraft:deepslate_tiles":3,"minecraft:furnace":5,"minecraft:raw_iron":21,"minecraft:stick":1,"minecraft:birch_boat":3,"minecraft:torch":19,"tombstone:grave_dust":1,"minecraft:diorite":59,"minecraft:white_bed":2,"minecraft:dark_oak_log":9,"alexsmobs:animal_dictionary":1,"minecraft:arrow":2,"minecraft:rotten_flesh":7,"minecraft:granite":11,"minecraft:emerald":2,"supplementaries:ash":5,"minecraft:coal":181,"minecraft:cobblestone":242},"minecraft:used":{"minecraft:stone_sword":103,"minecraft:iron_shovel":38,"minecraft:stone_pickaxe":262,"minecraft:chest":1,"minecraft:wooden_pickaxe":59,"minecraft:birch_boat":4,"minecraft:shield":27,"minecraft:wooden_shovel":47,"minecraft:rotten_flesh":2,"minecraft:torch":23,"minecraft:dirt":4,"minecraft:anvil":1,"minecraft:crafting_table":8,"minecraft:cracked_deepslate_tiles":1,"minecraft:white_bed":3,"minecraft:tuff":1,"minecraft:birch_door":2,"minecraft:deepslate_tiles":3,"minecraft:wooden_axe":22,"minecraft:bread":2,"minecraft:iron_pickaxe":147,"biomesoplenty:yellow_autumn_sapling":2,"minecraft:stone_bricks":2,"minecraft:stone_axe":14,"minecraft:cobblestone":55,"minecraft:bow":3,"minecraft:furnace":5,"minecraft:birch_log":1,"minecraft:andesite":2,"tombstone:gift":2}},"DataVersion":3465}