{"stats":{"minecraft:killed":{"born_in_chaos_v1:maggot":1,"minecraft:skeleton":6,"minecraft:drowned":2,"born_in_chaos_v1:decrepit_skeleton":3,"minecraft:zombie":9},"minecraft:killed_by":{"minecraft:skeleton":2,"minecraft:zombie":6},"minecraft:custom":{"minecraft:mob_kills":22,"minecraft:interact_with_anvil":2,"minecraft:interact_with_crafting_table":33,"minecraft:damage_dealt_resisted":12,"minecraft:leave_game":1,"minecraft:time_since_death":265,"minecraft:climb_one_cm":315,"minecraft:sprint_one_cm":118671,"minecraft:walk_one_cm":412113,"minecraft:damage_blocked_by_shield":3319,"minecraft:drop":17,"minecraft:play_time":110175,"minecraft:sneak_time":20510,"minecraft:deaths":21,"minecraft:walk_under_water_one_cm":22725,"minecraft:boat_one_cm":68037,"minecraft:jump":715,"minecraft:walk_on_water_one_cm":17840,"minecraft:total_world_time":110175,"minecraft:interact_with_furnace":39,"minecraft:sleep_in_bed":1,"minecraft:time_since_rest":1,"minecraft:damage_taken":6943,"minecraft:damage_dealt":10331,"minecraft:swim_one_cm":51447,"minecraft:fly_one_cm":100057,"minecraft:open_chest":23,"minecraft:crouch_one_cm":34608,"tombstone:undead_killed":20,"minecraft:fall_one_cm":3067},"minecraft:mined":{"minecraft:deepslate_tiles":3,"minecraft:white_bed":3,"minecraft:dark_oak_leaves":10,"minecraft:dark_oak_log":534,"minecraft:granite":11,"minecraft:grass_block":282,"born_in_chaos_v1:black_argillite":1,"minecraft:brown_mushroom_block":45,"minecraft:kelp":5,"minecraft:tall_seagrass":1,"minecraft:furnace":5,"minecraft:iron_ore":18,"minecraft:andesite":26,"minecraft:anvil":1,"minecraft:deepslate_iron_ore":3,"minecraft:stone":277,"minecraft:kelp_plant":28,"minecraft:crafting_table":6,"minecraft:torch":18,"minecraft:mushroom_stem":4,"minecraft:cobblestone":4,"minecraft:copper_ore":20,"minecraft:lapis_ore":13,"minecraft:diorite":59,"minecraft:wall_torch":6,"supplementaries:urn":3,"minecraft:birch_log":20,"minecraft:cracked_deepslate_tiles":1,"minecraft:grass":5,"minecraft:coal_ore":58,"minecraft:oak_log":30,"minecraft:gravel":1,"minecraft:dirt":127,"minecraft:cobweb":17,"minecraft:stone_bricks":2,"minecraft:oak_leaves":9,"minecraft:fern":2},"minecraft:broken":{"minecraft:iron_shovel":1,"minecraft:wooden_shovel":1,"minecraft:stone_sword":1,"minecraft:wooden_pickaxe":1,"minecraft:stone_pickaxe":2,"minecraft:shield":1,"minecraft:iron_axe":1,"minecraft:stone_axe":5,"minecraft:wooden_axe":1},"minecraft:crafted":{"minecraft:stone_shovel":4,"minecraft:birch_boat":1,"minecraft:furnace":1,"minecraft:stone":128,"minecraft:iron_axe":1,"minecraft:stone_pickaxe":2,"minecraft:chest":1,"minecraft:birch_door":3,"minecraft:birch_button":1,"minecraft:dark_oak_planks":802,"minecraft:wooden_shovel":1,"minecraft:crafting_table":2,"minecraft:wooden_pickaxe":1,"minecraft:iron_helmet":1,"minecraft:dark_oak_button":768,"minecraft:birch_planks":60,"minecraft:stone_axe":5,"minecraft:bread":4,"minecraft:white_wool":3,"minecraft:iron_chestplate":1,"minecraft:charcoal":2,"minecraft:shield":1,"minecraft:stick":20,"minecraft:iron_ingot":21,"minecraft:iron_pickaxe":1,"minecraft:wooden_axe":1,"minecraft:stone_sword":1,"minecraft:iron_shovel":1,"minecraft:white_bed":1,"minecraft:torch":8},"minecraft:dropped":{"minecraft:dark_oak_sapling":1,"minecraft:cobblestone":36,"minecraft:granite":11,"born_in_chaos_v1:black_argillite":1,"tombstone:grave_key":1,"minecraft:string":5,"minecraft:kelp":94,"alexsmobs:animal_dictionary":1,"biomesoplenty:yellow_autumn_sapling":2,"minecraft:filled_map":1,"supplementaries:ash":5,"minecraft:andesite":24},"minecraft:picked_up":{"minecraft:crafting_table":6,"minecraft:anvil":1,"minecraft:brown_mushroom":17,"tombstone:grave_key":1,"born_in_chaos_v1:black_argillite":1,"minecraft:string":17,"minecraft:raw_copper":68,"biomesoplenty:yellow_autumn_sapling":4,"minecraft:deepslate_tiles":3,"minecraft:furnace":5,"minecraft:dark_oak_sapling":43,"minecraft:stick":32,"minecraft:raw_iron":21,"born_in_chaos_v1:shattered_skull":1,"minecraft:torch":27,"tombstone:grave_dust":1,"minecraft:diorite":59,"minecraft:arrow":5,"minecraft:rotten_flesh":19,"supplementaries:ash":5,"minecraft:cobblestone":280,"minecraft:cracked_deepslate_tiles":1,"minecraft:birch_log":20,"minecraft:andesite":26,"minecraft:tuff":1,"minecraft:oak_log":30,"minecraft:lapis_lazuli":73,"minecraft:dirt":414,"minecraft:bone":7,"minecraft:apple":11,"minecraft:stone_bricks":2,"minecraft:kelp":94,"minecraft:bow":1,"minecraft:wheat_seeds":2,"tombstone:bag_of_seeds":1,"minecraft:birch_boat":3,"minecraft:white_bed":3,"minecraft:dark_oak_log":491,"alexsmobs:animal_dictionary":1,"minecraft:bundle":1,"minecraft:granite":11,"minecraft:emerald":2,"minecraft:oak_sapling":8,"minecraft:coal":181},"minecraft:used":{"minecraft:stone_sword":114,"minecraft:iron_shovel":252,"minecraft:stone_shovel":88,"minecraft:chest":1,"minecraft:shield":32,"minecraft:wooden_shovel":59,"minecraft:rotten_flesh":2,"minecraft:torch":31,"minecraft:dirt":208,"minecraft:anvil":1,"minecraft:cracked_deepslate_tiles":1,"minecraft:tuff":1,"minecraft:birch_door":2,"minecraft:wooden_axe":48,"minecraft:iron_axe":234,"minecraft:dark_oak_button":687,"minecraft:stone_bricks":2,"minecraft:bow":3,"minecraft:furnace":6,"tombstone:gift":3,"minecraft:stone_pickaxe":262,"minecraft:birch_boat":4,"minecraft:wooden_pickaxe":59,"minecraft:crafting_table":8,"minecraft:white_bed":4,"minecraft:deepslate_tiles":3,"minecraft:apple":6,"minecraft:dark_oak_log":9,"minecraft:bread":4,"minecraft:iron_pickaxe":185,"biomesoplenty:yellow_autumn_sapling":2,"minecraft:stone_axe":526,"minecraft:cobblestone":55,"minecraft:andesite":2,"minecraft:birch_log":1}},"DataVersion":3465}