{"stats":{"minecraft:killed":{"minecraft:cave_spider":4,"minecraft:witch":3,"born_in_chaos_v1:restless_spirit":3,"born_in_chaos_v1:zombie_lumberjack":5,"minecraft:spider":23,"born_in_chaos_v1:siamese_skeletonsright":4,"born_in_chaos_v1:baby_skeleton_minion":4,"born_in_chaos_v1:scarlet_persecutor":5,"minecraft:skeleton":50,"minecraft:chicken":7,"alexsmobs:centipede_head":1,"born_in_chaos_v1:bonescaller":4,"minecraft:pig":5,"alexsmobs:grizzly_bear":2,"born_in_chaos_v1:diamond_termite":10,"minecraft:zombie_villager":1,"minecraft:creeper":40,"minecraft:sheep":9,"minecraft:pillager":2,"minecraft:zombie":105,"born_in_chaos_v1:dread_hound":11,"born_in_chaos_v1:corpse_fly":31,"endofherobrine:chicken":1,"cave_dweller:cave_dweller":1,"born_in_chaos_v1:door_knight":3,"midnightlurker:midnight_lurker_backturned":1,"born_in_chaos_v1:siamese_skeletonsleft":4,"minecraft:cow":2,"midnightlurker:void_hands":3,"midnightlurker:midnight_lurker_stalking":1,"minecraft:slime":11,"midnightlurker:midnight_lurker_aggressive":1,"born_in_chaos_v1:zombie_bruiser":3,"born_in_chaos_v1:maggot":41,"minecraft:phantom":7,"alexsmobs:blue_jay":4,"born_in_chaos_v1:siamese_skeletons":3,"born_in_chaos_v1:barrel_zombie":1,"midnightlurker:midnight_lurker_hider":1,"born_in_chaos_v1:fallen_chaos_knight":1,"born_in_chaos_v1:baby_skeleton":5,"born_in_chaos_v1:swarmer":3,"minecraft:bat":2,"born_in_chaos_v1:decrepit_skeleton":18,"born_in_chaos_v1:phantom_creeper_copy":1,"born_in_chaos_v1:bloody_gadfly":2,"alexsmobs:cockroach":1,"born_in_chaos_v1:dark_vortex":2,"born_in_chaos_v1:nightmare_stalker":1,"endofherobrine:sheep":24,"minecraft:enderman":4},"minecraft:killed_by":{"endofherobrine:sheep":1},"minecraft:custom":{"minecraft:interact_with_crafting_table":77,"minecraft:open_barrel":35,"minecraft:leave_game":21,"minecraft:time_since_death":51126,"minecraft:damage_resisted":30,"minecraft:sprint_one_cm":2878150,"minecraft:damage_blocked_by_shield":6465,"minecraft:drop":229,"minecraft:talked_to_villager":4,"minecraft:play_time":908445,"minecraft:deaths":20,"minecraft:jump":11634,"minecraft:walk_on_water_one_cm":86128,"minecraft:enchant_item":5,"minecraft:interact_with_furnace":164,"minecraft:sleep_in_bed":16,"tombstone:sneak_grave":6,"minecraft:damage_dealt":57415,"minecraft:crouch_one_cm":11247,"tombstone:undead_killed":214,"minecraft:interact_with_smoker":51,"minecraft:interact_with_smithing_table":1,"minecraft:interact_with_anvil":19,"minecraft:mob_kills":514,"minecraft:damage_dealt_resisted":7088,"minecraft:climb_one_cm":28895,"minecraft:walk_one_cm":2473576,"minecraft:damage_dealt_absorbed":1985,"minecraft:sneak_time":5148,"minecraft:walk_under_water_one_cm":90606,"minecraft:boat_one_cm":101676,"minecraft:interact_with_blast_furnace":59,"minecraft:total_world_time":908445,"tombstone:raider_killed":5,"minecraft:time_since_rest":48727,"minecraft:damage_taken":19434,"minecraft:damage_absorbed":51,"tombstone:cast_on_ally":3,"minecraft:swim_one_cm":142395,"minecraft:freezer_opened":2,"minecraft:fly_one_cm":2020245,"minecraft:open_chest":126,"minecraft:fall_one_cm":236130},"minecraft:mined":{"minecraft:spruce_planks":2,"minecraft:white_bed":2,"minecraft:jungle_leaves":1,"minecraft:obsidian":5,"minecraft:granite":11,"minecraft:acacia_log":8,"minecraft:grass_block":7,"sophisticatedbackpacks:iron_backpack":1,"minecraft:cracked_polished_blackstone_bricks":4,"tacz:gun_smith_table":2,"minecraft:spawner":31,"minecraft:light_blue_stained_glass":4,"minecraft:polished_blackstone_bricks":4,"minecraft:iron_ore":130,"minecraft:fire":1,"biomesoplenty:lavender":11,"minecraft:anvil":1,"minecraft:deepslate_lapis_ore":13,"minecraft:enchanting_table":3,"minecraft:oak_sign":1,"biomesoplenty:webbing":2,"minecraft:deepslate_redstone_ore":4,"minecraft:gray_terracotta":114,"minecraft:cyan_terracotta":13,"minecraft:quartz_block":23,"tetra:scroll_rolled":1,"minecraft:smoker":1,"minecraft:blue_stained_glass":8,"minecraft:torch":23,"minecraft:light_gray_terracotta":75,"minecraft:blast_furnace":1,"minecraft:chest":1,"minecraft:white_stained_glass_pane":11,"minecraft:glass":1,"minecraft:cobblestone":9,"minecraft:oak_planks":7,"minecraft:iron_door":2,"minecraft:wall_torch":10,"minecraft:deepslate_copper_ore":4,"sophisticatedbackpacks:diamond_backpack":1,"minecraft:birch_log":48,"minecraft:wheat":1,"minecraft:lilac":4,"biomesoplenty:fir_log":81,"minecraft:smooth_stone_slab":4,"minecraft:grass":37,"minecraft:oak_log":42,"minecraft:dirt":10,"minecraft:deepslate":34,"minecraft:oak_leaves":6,"minecraft:light_blue_stained_glass_pane":5,"minecraft:tuff":7,"minecraft:blue_stained_glass_pane":12,"minecraft:deepslate_diamond_ore":15,"born_in_chaos_v1:infected_diamond_ore":6,"minecraft:gray_stained_glass_pane":2,"minecraft:glow_lichen":1,"minecraft:spruce_fence":2,"minecraft:white_stained_glass":1,"minecraft:large_fern":1,"minecraft:hay_block":4,"minecraft:furnace":4,"minecraft:andesite":3,"supplementaries:gunpowder":1,"minecraft:bookshelf":8,"minecraft:potatoes":157,"minecraft:deepslate_iron_ore":120,"biomesoplenty:barley":7,"minecraft:stone":190,"minecraft:smithing_table":1,"minecraft:acacia_leaves":2,"minecraft:hanging_roots":1,"minecraft:crafting_table":6,"minecraft:copper_ore":69,"minecraft:tall_grass":6,"biomesoplenty:sprout":12,"minecraft:deepslate_gold_ore":21,"minecraft:lapis_ore":14,"minecraft:diorite":14,"supplementaries:urn":46,"minecraft:cobblestone_wall":4,"minecraft:spruce_log":8,"minecraft:white_wall_banner":1,"minecraft:coal_ore":180,"biomesoplenty:fir_leaves":3,"minecraft:gravel":6,"biomesoplenty:stringy_cobweb":3,"minecraft:cobweb":3,"minecraft:cracked_stone_bricks":17,"minecraft:polished_blackstone":11,"minecraft:stone_bricks":59,"minecraft:mossy_stone_bricks":4,"minecraft:iron_trapdoor":1,"minecraft:fern":53},"minecraft:broken":{"minecraft:iron_boots":2,"minecraft:iron_sword":1,"simplyswords:gold_katana":1,"minecraft:iron_axe":1,"minecraft:iron_pickaxe":1},"minecraft:crafted":{"minecraft:oak_planks":132,"minecraft:oak_sign":3,"minecraft:birch_boat":2,"minecraft:cooked_chicken":8,"minecraft:bookshelf":8,"minecraft:cooked_mutton":3,"minecraft:diamond_helmet":1,"minecraft:iron_boots":4,"minecraft:chest":3,"minecraft:smoker":2,"sophisticatedbackpacks:backpack":1,"minecraft:cooked_porkchop":8,"minecraft:diamond_axe":1,"minecraft:crafting_table":2,"minecraft:spruce_planks":32,"minecraft:iron_helmet":2,"minecraft:wooden_pickaxe":1,"minecraft:baked_potato":136,"minecraft:copper_ingot":290,"minecraft:birch_planks":72,"biomesoplenty:fir_planks":44,"minecraft:iron_chestplate":3,"minecraft:charcoal":44,"minecraft:shield":2,"minecraft:stick":192,"born_in_chaos_v1:smoked_flesh":71,"minecraft:iron_ingot":281,"minecraft:iron_pickaxe":4,"minecraft:iron_block":5,"minecraft:gold_ingot":29,"toolbelt:belt":1,"minecraft:iron_nugget":180,"minecraft:furnace":4,"minecraft:bone_meal":75,"born_in_chaos_v1:smoked_monster_flesh":5,"minecraft:leather":6,"minecraft:iron_axe":1,"born_in_chaos_v1:fried_maggot":14,"minecraft:stone_pickaxe":1,"minecraft:dark_oak_planks":4,"tetra:modular_double":2,"sophisticatedbackpacks:iron_backpack":1,"paraglider:paraglider":1,"minecraft:diamond_sword":1,"tacz:gun_smith_table":2,"minecraft:cooked_salmon":2,"sophisticatedbackpacks:gold_backpack":1,"minecraft:mangrove_planks":4,"born_in_chaos_v1:bone_heart":2,"minecraft:bucket":1,"minecraft:stone_axe":1,"minecraft:air":0,"minecraft:anvil":1,"minecraft:iron_leggings":3,"minecraft:white_bed":1,"minecraft:torch":492},"minecraft:dropped":{"minecraft:iron_sword":2,"minecraft:birch_planks":2,"minecraft:lapis_lazuli":22,"minecraft:baked_potato":34,"born_in_chaos_v1:fried_maggot":1,"minecraft:diamond":1,"minecraft:cracked_stone_bricks":4,"sophisticatedbackpacks:gold_backpack":1,"paraglider:spirit_orb":3,"minecraft:cyan_terracotta":13,"born_in_chaos_v1:monster_flesh":1,"minecraft:dirt":13,"tombstone:bag_of_seeds":1,"born_in_chaos_v1:monster_skin":1,"minecraft:iron_pickaxe":2,"minecraft:white_wool":1,"minecraft:bone":50,"minecraft:gravel":1,"biomesoplenty:toadstool":2,"alexsmobs:centipede_leg":1,"minecraft:stone_axe":1,"minecraft:cooked_chicken":3,"minecraft:iron_nugget":5,"alexsmobs:animal_dictionary":2,"minecraft:cobbled_deepslate":17,"biomesoplenty:yellow_autumn_sapling":2,"minecraft:wheat":5,"tombstone:gift":2,"born_in_chaos_v1:ethereal_spirit":2,"minecraft:rotten_flesh":1,"born_in_chaos_v1:smoked_flesh":22,"minecraft:oak_planks":22,"minecraft:leather_chestplate":2,"supplementaries:flax_seeds":5,"supplementaries:ash":120,"tetra:modular_sword":3,"minecraft:gunpowder":8,"minecraft:beetroot_seeds":10,"minecraft:quartz_block":2,"born_in_chaos_v1:corpse_maggot":4,"tetra:modular_double":1,"born_in_chaos_v1:dark_rod":1,"tacz:attachment":1,"minecraft:enchanted_book":1,"minecraft:bread":1,"minecraft:iron_ingot":49,"born_in_chaos_v1:shattered_skull":1,"tetra:scroll_rolled":3,"minecraft:wheat_seeds":11,"minecraft:lilac":3,"minecraft:polished_blackstone":2,"biomesoplenty:maple_sapling":1,"minecraft:iron_helmet":1,"minecraft:feather":5,"minecraft:cobblestone":17,"minecraft:apple":14,"minecraft:granite":1,"born_in_chaos_v1:gnawed_bones":1,"minecraft:diorite":4,"minecraft:iron_trapdoor":1,"minecraft:torch":3,"minecraft:rose_bush":6,"born_in_chaos_v1:fused_bone":3,"minecraft:diamond_helmet":1,"tombstone:grave_dust":3,"minecraft:iron_leggings":3,"tacz:modern_kinetic_gun":3,"minecraft:iron_axe":1,"minecraft:string":22,"minecraft:cobblestone_wall":4,"minecraft:light_gray_terracotta":4,"minecraft:tuff":2,"biomesoplenty:redwood_planks":51,"minecraft:iron_boots":3,"minecraft:spruce_fence":2,"tombstone:scroll_of_unstable_intangibility":1,"minecraft:pumpkin_seeds":9,"minecraft:filled_map":3,"minecraft:diamond_sword":3,"minecraft:gray_terracotta":13,"minecraft:shield":2,"alexsmobs:cockroach_wing_fragment":1,"minecraft:bundle":3,"minecraft:iron_chestplate":4,"minecraft:andesite":1,"minecraft:mossy_stone_bricks":3,"minecraft:oak_sapling":1,"minecraft:stone_bricks":20,"minecraft:spider_eye":4,"tetra:modular_shield":1,"tacz:ammo":216,"pfm:furniture_book":1,"minecraft:bow":2,"minecraft:wooden_pickaxe":2,"minecraft:stone_pickaxe":2},"minecraft:picked_up":{"minecraft:seagrass":1,"minecraft:iron_chestplate":2,"minecraft:wheat":5,"minecraft:iron_trapdoor":1,"minecraft:smithing_table":1,"minecraft:diamond_sword":5,"minecraft:potion":1,"minecraft:enchanted_book":4,"born_in_chaos_v1:black_argillite":2,"minecraft:string":29,"minecraft:raw_copper":370,"minecraft:cooked_salmon":6,"biomesoplenty:yellow_autumn_sapling":8,"minecraft:smooth_stone_slab":2,"minecraft:iron_leggings":1,"minecraft:oak_sign":1,"minecraft:beetroot":1,"minecraft:cobbled_deepslate":63,"biomesoplenty:fir_planks":1,"minecraft:rose_bush":6,"minecraft:ender_eye":1,"tetra:modular_sword":2,"minecraft:iron_pickaxe":2,"minecraft:mangrove_log":1,"minecraft:iron_boots":2,"minecraft:furnace":4,"minecraft:stick":12,"born_in_chaos_v1:shattered_skull":5,"born_in_chaos_v1:phantom_powder":5,"minecraft:torch":53,"minecraft:acacia_log":11,"minecraft:porkchop":8,"tacz:attachment":7,"minecraft:cherry_log":4,"tombstone:grave_dust":15,"minecraft:diorite":14,"born_in_chaos_v1:nightmare_claw":2,"alexsmobs:centipede_leg":1,"minecraft:quartz_block":19,"born_in_chaos_v1:fried_maggot":1,"minecraft:rotten_flesh":148,"minecraft:cyan_terracotta":13,"supplementaries:ash":134,"minecraft:obsidian":5,"minecraft:cod":2,"minecraft:cobblestone":205,"minecraft:enchanting_table":3,"biomesoplenty:lavender":17,"minecraft:birch_log":50,"born_in_chaos_v1:staffof_magic_arrows":2,"minecraft:leather_chestplate":2,"minecraft:cooked_beef":1,"minecraft:feather":7,"minecraft:lilac":3,"minecraft:iron_door":3,"minecraft:andesite":3,"minecraft:smoker":1,"minecraft:potato":340,"biomesoplenty:fir_log":83,"paraglider:spirit_orb":84,"minecraft:flint":1,"minecraft:tuff":8,"supplementaries:flax_seeds":5,"minecraft:lapis_lazuli":177,"minecraft:dirt":29,"born_in_chaos_v1:monster_skin":9,"minecraft:bone":137,"tetra:scroll_rolled":3,"minecraft:bow":5,"minecraft:gray_terracotta":71,"minecraft:wheat_seeds":15,"minecraft:raw_gold":23,"minecraft:mossy_stone_bricks":4,"minecraft:diamond_helmet":1,"minecraft:glowstone_dust":3,"tacz:gun_smith_table":3,"minecraft:oak_planks":27,"biomesoplenty:toadstool":2,"tetra:modular_double":1,"sophisticatedbackpacks:iron_backpack":1,"minecraft:dark_oak_log":1,"alexsmobs:animal_dictionary":1,"minecraft:bundle":7,"minecraft:light_gray_terracotta":40,"minecraft:diamond":18,"minecraft:cracked_polished_blackstone_bricks":4,"minecraft:granite":11,"minecraft:emerald":21,"minecraft:bread":1,"alexsmobs:maggot":1,"minecraft:oak_sapling":2,"minecraft:chorus_fruit":1,"minecraft:diamond_pickaxe":1,"minecraft:charcoal":5,"sophisticatedbackpacks:gold_backpack":1,"minecraft:crafting_table":6,"born_in_chaos_v1:diamond_termite_shard":10,"minecraft:ladder":2,"minecraft:chicken":8,"born_in_chaos_v1:seedof_chaos":5,"minecraft:wooden_pickaxe":1,"minecraft:chain":2,"minecraft:shield":1,"minecraft:iron_axe":1,"born_in_chaos_v1:intoxicating_decoction":2,"tacz:ammo":1164,"minecraft:cracked_stone_bricks":14,"supplementaries:bomb":4,"minecraft:beef":4,"born_in_chaos_v1:gnawed_bones":4,"minecraft:iron_nugget":49,"minecraft:chest":1,"minecraft:raw_iron":299,"minecraft:spruce_fence":3,"minecraft:polished_blackstone_bricks":2,"born_in_chaos_v1:pieceofdarkmetal":5,"minecraft:carrot":1,"minecraft:redstone":78,"biomesoplenty:redwood_planks":51,"minecraft:arrow":42,"minecraft:beetroot_seeds":10,"minecraft:hay_block":4,"minecraft:gold_ingot":20,"minecraft:polished_blackstone":10,"paraglider:horned_statue":1,"minecraft:mutton":14,"minecraft:white_wool":8,"born_in_chaos_v1:fused_bone":8,"born_in_chaos_v1:corpse_maggot":54,"born_in_chaos_v1:monster_flesh":12,"minecraft:leather":2,"minecraft:filled_map":1,"minecraft:oak_log":42,"minecraft:cobblestone_wall":4,"minecraft:gunpowder":50,"minecraft:apple":16,"minecraft:stone_bricks":34,"alexsmobs:cockroach_wing_fragment":1,"minecraft:iron_ingot":43,"minecraft:stone_pickaxe":1,"minecraft:cooked_chicken":3,"tombstone:bag_of_seeds":2,"minecraft:iron_sword":2,"minecraft:acacia_sapling":1,"sophisticatedbackpacks:diamond_backpack":1,"minecraft:book":24,"minecraft:birch_boat":3,"born_in_chaos_v1:ethereal_spirit":15,"minecraft:gravel":6,"born_in_chaos_v1:dark_rod":2,"minecraft:blast_furnace":1,"minecraft:white_bed":2,"minecraft:spruce_log":8,"minecraft:spider_eye":11,"biomesoplenty:maple_sapling":1,"minecraft:slime_ball":7,"tacz:modern_kinetic_gun":4,"tombstone:magic_scroll":4,"minecraft:baked_potato":41,"minecraft:black_wool":1,"minecraft:coal":245,"minecraft:sunflower":1},"minecraft:used":{"minecraft:oak_sign":2,"minecraft:chest":3,"minecraft:shield":115,"minecraft:iron_sword":297,"minecraft:rotten_flesh":4,"minecraft:iron_chestplate":2,"minecraft:mutton":7,"simplyswords:gold_katana":33,"minecraft:tuff":4,"sophisticatedbackpacks:diamond_backpack":1,"born_in_chaos_v1:corpse_maggot":5,"born_in_chaos_v1:smoked_flesh":81,"minecraft:iron_helmet":1,"minecraft:bow":56,"minecraft:hay_block":3,"minecraft:furnace":6,"minecraft:potato":164,"minecraft:diorite":10,"minecraft:chorus_fruit":1,"minecraft:oak_planks":9,"minecraft:stone_pickaxe":48,"minecraft:mangrove_planks":4,"minecraft:wooden_pickaxe":24,"minecraft:diamond_axe":215,"minecraft:light_gray_terracotta":18,"minecraft:blast_furnace":1,"born_in_chaos_v1:monster_flesh":3,"minecraft:bread":12,"born_in_chaos_v1:smoked_monster_flesh":5,"minecraft:diamond_sword":741,"minecraft:bone_meal":75,"minecraft:enchanting_table":3,"sophisticatedbackpacks:iron_backpack":1,"tacz:gun_smith_table":5,"minecraft:cooked_salmon":8,"born_in_chaos_v1:fried_maggot":14,"minecraft:cooked_chicken":6,"minecraft:torch":542,"minecraft:dirt":28,"minecraft:anvil":2,"tetra:modular_sword":186,"minecraft:diamond_helmet":1,"tetra:scroll_rolled":1,"minecraft:granite":6,"paraglider:horned_statue":1,"minecraft:dark_oak_planks":1,"minecraft:bookshelf":8,"minecraft:iron_axe":146,"minecraft:totem_of_undying":1,"minecraft:gunpowder":1,"tombstone:gift":3,"minecraft:cooked_beef":1,"minecraft:cobbled_deepslate":6,"minecraft:cherry_log":2,"minecraft:cooked_mutton":3,"minecraft:water_bucket":1,"minecraft:iron_ore":10,"minecraft:birch_planks":15,"tetra:modular_shield":24,"minecraft:baked_potato":198,"minecraft:birch_boat":3,"tombstone:scroll_of_feather_fall":2,"minecraft:crafting_table":7,"supplementaries:bomb":4,"minecraft:white_bed":3,"tombstone:tablet_of_home":2,"minecraft:smoker":3,"tombstone:bag_of_seeds":2,"minecraft:ender_eye":1,"minecraft:diamond_pickaxe":403,"minecraft:apple":37,"minecraft:iron_pickaxe":834,"tombstone:magic_scroll":7,"minecraft:stone_axe":16,"minecraft:cobblestone":40,"minecraft:cooked_porkchop":8,"minecraft:bucket":1}},"DataVersion":3465}