{"stats":{"minecraft:killed":{"minecraft:cave_spider":4,"minecraft:witch":3,"born_in_chaos_v1:restless_spirit":3,"born_in_chaos_v1:zombie_lumberjack":5,"minecraft:spider":22,"born_in_chaos_v1:siamese_skeletonsright":3,"born_in_chaos_v1:baby_skeleton_minion":3,"born_in_chaos_v1:scarlet_persecutor":5,"minecraft:skeleton":46,"minecraft:chicken":7,"alexsmobs:centipede_head":1,"born_in_chaos_v1:bonescaller":3,"minecraft:pig":5,"alexsmobs:grizzly_bear":1,"born_in_chaos_v1:diamond_termite":10,"minecraft:zombie_villager":1,"minecraft:creeper":35,"minecraft:sheep":6,"minecraft:pillager":2,"minecraft:zombie":98,"born_in_chaos_v1:dread_hound":11,"born_in_chaos_v1:corpse_fly":27,"endofherobrine:chicken":1,"cave_dweller:cave_dweller":1,"born_in_chaos_v1:door_knight":3,"midnightlurker:midnight_lurker_backturned":1,"born_in_chaos_v1:siamese_skeletonsleft":3,"minecraft:cow":2,"midnightlurker:void_hands":3,"midnightlurker:midnight_lurker_stalking":1,"minecraft:slime":11,"midnightlurker:midnight_lurker_aggressive":1,"born_in_chaos_v1:zombie_bruiser":3,"born_in_chaos_v1:maggot":38,"minecraft:phantom":5,"alexsmobs:blue_jay":4,"born_in_chaos_v1:siamese_skeletons":1,"born_in_chaos_v1:barrel_zombie":1,"midnightlurker:midnight_lurker_hider":1,"born_in_chaos_v1:fallen_chaos_knight":1,"born_in_chaos_v1:baby_skeleton":5,"born_in_chaos_v1:swarmer":2,"minecraft:bat":2,"born_in_chaos_v1:decrepit_skeleton":18,"born_in_chaos_v1:phantom_creeper_copy":1,"born_in_chaos_v1:bloody_gadfly":2,"alexsmobs:cockroach":1,"born_in_chaos_v1:dark_vortex":2,"born_in_chaos_v1:nightmare_stalker":1,"endofherobrine:sheep":4,"minecraft:enderman":4},"minecraft:custom":{"minecraft:interact_with_crafting_table":69,"minecraft:open_barrel":35,"minecraft:leave_game":21,"minecraft:time_since_death":600,"minecraft:sprint_one_cm":2484439,"minecraft:damage_blocked_by_shield":5556,"minecraft:drop":200,"minecraft:talked_to_villager":4,"minecraft:play_time":811226,"minecraft:deaths":19,"minecraft:jump":10162,"minecraft:walk_on_water_one_cm":71772,"minecraft:enchant_item":5,"minecraft:interact_with_furnace":147,"minecraft:sleep_in_bed":15,"tombstone:sneak_grave":6,"minecraft:damage_dealt":56632,"minecraft:crouch_one_cm":9200,"tombstone:undead_killed":196,"minecraft:interact_with_smoker":48,"minecraft:interact_with_anvil":12,"minecraft:mob_kills":456,"minecraft:damage_dealt_resisted":6320,"minecraft:climb_one_cm":21048,"minecraft:walk_one_cm":2193053,"minecraft:damage_dealt_absorbed":1985,"minecraft:sneak_time":4477,"minecraft:walk_under_water_one_cm":65838,"minecraft:boat_one_cm":101676,"minecraft:interact_with_blast_furnace":54,"minecraft:total_world_time":811226,"tombstone:raider_killed":5,"minecraft:time_since_rest":1,"minecraft:damage_taken":17938,"minecraft:damage_absorbed":51,"tombstone:cast_on_ally":3,"minecraft:swim_one_cm":105152,"minecraft:freezer_opened":2,"minecraft:fly_one_cm":1720583,"minecraft:open_chest":97,"minecraft:fall_one_cm":204203},"minecraft:mined":{"minecraft:spruce_planks":2,"minecraft:white_bed":2,"minecraft:jungle_leaves":1,"minecraft:obsidian":5,"minecraft:granite":9,"minecraft:acacia_log":8,"minecraft:grass_block":5,"sophisticatedbackpacks:iron_backpack":1,"tacz:gun_smith_table":2,"minecraft:spawner":18,"minecraft:light_blue_stained_glass":4,"minecraft:iron_ore":91,"minecraft:fire":1,"biomesoplenty:lavender":7,"minecraft:deepslate_lapis_ore":13,"minecraft:oak_sign":1,"biomesoplenty:webbing":2,"minecraft:deepslate_redstone_ore":4,"minecraft:gray_terracotta":21,"minecraft:quartz_block":1,"tetra:scroll_rolled":1,"minecraft:smoker":1,"minecraft:blue_stained_glass":2,"minecraft:torch":22,"minecraft:light_gray_terracotta":3,"minecraft:blast_furnace":1,"minecraft:chest":1,"minecraft:white_stained_glass_pane":7,"minecraft:cobblestone":9,"minecraft:oak_planks":6,"minecraft:iron_door":2,"minecraft:wall_torch":10,"minecraft:deepslate_copper_ore":4,"sophisticatedbackpacks:diamond_backpack":1,"minecraft:birch_log":48,"minecraft:wheat":1,"minecraft:lilac":4,"biomesoplenty:fir_log":81,"minecraft:smooth_stone_slab":2,"minecraft:grass":32,"minecraft:oak_log":17,"minecraft:dirt":9,"minecraft:deepslate":34,"minecraft:oak_leaves":3,"minecraft:light_blue_stained_glass_pane":1,"minecraft:tuff":7,"minecraft:blue_stained_glass_pane":6,"minecraft:deepslate_diamond_ore":15,"born_in_chaos_v1:infected_diamond_ore":6,"minecraft:gray_stained_glass_pane":2,"minecraft:glow_lichen":1,"minecraft:spruce_fence":2,"minecraft:white_stained_glass":1,"minecraft:large_fern":1,"minecraft:hay_block":4,"minecraft:furnace":4,"minecraft:andesite":3,"supplementaries:gunpowder":1,"minecraft:potatoes":157,"minecraft:deepslate_iron_ore":120,"biomesoplenty:barley":7,"minecraft:stone":101,"minecraft:smithing_table":1,"minecraft:acacia_leaves":2,"minecraft:hanging_roots":1,"minecraft:crafting_table":6,"minecraft:copper_ore":62,"minecraft:tall_grass":2,"biomesoplenty:sprout":12,"minecraft:deepslate_gold_ore":21,"minecraft:lapis_ore":6,"minecraft:diorite":14,"supplementaries:urn":45,"minecraft:cobblestone_wall":3,"minecraft:spruce_log":8,"minecraft:white_wall_banner":1,"minecraft:coal_ore":153,"biomesoplenty:fir_leaves":3,"minecraft:gravel":4,"biomesoplenty:stringy_cobweb":3,"minecraft:cobweb":3,"minecraft:stone_bricks":2,"minecraft:mossy_stone_bricks":2,"minecraft:iron_trapdoor":1,"minecraft:fern":53},"minecraft:broken":{"minecraft:iron_boots":1,"minecraft:iron_sword":1,"simplyswords:gold_katana":1,"minecraft:iron_axe":1,"minecraft:iron_pickaxe":1},"minecraft:crafted":{"minecraft:oak_planks":32,"minecraft:oak_sign":3,"minecraft:birch_boat":2,"minecraft:cooked_chicken":8,"minecraft:cooked_mutton":3,"minecraft:diamond_helmet":1,"minecraft:iron_boots":3,"minecraft:chest":3,"minecraft:smoker":2,"sophisticatedbackpacks:backpack":1,"minecraft:cooked_porkchop":8,"minecraft:diamond_axe":1,"minecraft:crafting_table":2,"minecraft:spruce_planks":32,"minecraft:iron_helmet":2,"minecraft:wooden_pickaxe":1,"minecraft:baked_potato":121,"minecraft:copper_ingot":290,"minecraft:birch_planks":72,"biomesoplenty:fir_planks":44,"minecraft:iron_chestplate":3,"minecraft:charcoal":44,"minecraft:shield":2,"minecraft:stick":172,"born_in_chaos_v1:smoked_flesh":71,"minecraft:iron_ingot":232,"minecraft:iron_pickaxe":4,"minecraft:iron_block":5,"minecraft:gold_ingot":27,"toolbelt:belt":1,"minecraft:iron_nugget":117,"minecraft:furnace":4,"minecraft:bone_meal":75,"born_in_chaos_v1:smoked_monster_flesh":5,"minecraft:leather":6,"minecraft:iron_axe":1,"born_in_chaos_v1:fried_maggot":14,"minecraft:stone_pickaxe":1,"minecraft:dark_oak_planks":4,"tetra:modular_double":2,"sophisticatedbackpacks:iron_backpack":1,"paraglider:paraglider":1,"minecraft:diamond_sword":1,"tacz:gun_smith_table":2,"minecraft:cooked_salmon":2,"sophisticatedbackpacks:gold_backpack":1,"minecraft:mangrove_planks":4,"minecraft:bucket":1,"minecraft:stone_axe":1,"minecraft:air":0,"minecraft:anvil":1,"minecraft:iron_leggings":3,"minecraft:white_bed":1,"minecraft:torch":412},"minecraft:dropped":{"minecraft:iron_sword":2,"minecraft:birch_planks":2,"minecraft:lapis_lazuli":22,"minecraft:baked_potato":34,"born_in_chaos_v1:fried_maggot":1,"minecraft:diamond":1,"sophisticatedbackpacks:gold_backpack":1,"paraglider:spirit_orb":1,"born_in_chaos_v1:monster_flesh":1,"minecraft:dirt":13,"tombstone:bag_of_seeds":1,"born_in_chaos_v1:monster_skin":1,"minecraft:iron_pickaxe":2,"minecraft:white_wool":1,"minecraft:bone":50,"minecraft:gravel":1,"biomesoplenty:toadstool":2,"alexsmobs:centipede_leg":1,"minecraft:stone_axe":1,"minecraft:cooked_chicken":3,"minecraft:iron_nugget":5,"alexsmobs:animal_dictionary":2,"minecraft:cobbled_deepslate":17,"biomesoplenty:yellow_autumn_sapling":2,"minecraft:wheat":5,"tombstone:gift":2,"born_in_chaos_v1:ethereal_spirit":2,"minecraft:rotten_flesh":1,"born_in_chaos_v1:smoked_flesh":22,"minecraft:oak_planks":22,"minecraft:leather_chestplate":1,"supplementaries:flax_seeds":5,"supplementaries:ash":120,"tetra:modular_sword":3,"minecraft:gunpowder":8,"minecraft:beetroot_seeds":10,"minecraft:quartz_block":1,"born_in_chaos_v1:corpse_maggot":4,"tetra:modular_double":1,"born_in_chaos_v1:dark_rod":1,"minecraft:enchanted_book":1,"minecraft:bread":1,"minecraft:iron_ingot":36,"born_in_chaos_v1:shattered_skull":1,"tetra:scroll_rolled":3,"minecraft:wheat_seeds":11,"minecraft:lilac":3,"biomesoplenty:maple_sapling":1,"minecraft:iron_helmet":1,"minecraft:feather":5,"minecraft:cobblestone":15,"minecraft:apple":14,"minecraft:granite":1,"born_in_chaos_v1:gnawed_bones":1,"minecraft:diorite":4,"minecraft:iron_trapdoor":1,"minecraft:torch":2,"minecraft:rose_bush":6,"born_in_chaos_v1:fused_bone":3,"minecraft:diamond_helmet":1,"tombstone:grave_dust":3,"minecraft:iron_leggings":3,"tacz:modern_kinetic_gun":2,"minecraft:iron_axe":1,"minecraft:string":22,"minecraft:cobblestone_wall":3,"minecraft:light_gray_terracotta":2,"minecraft:tuff":2,"biomesoplenty:redwood_planks":51,"minecraft:iron_boots":3,"minecraft:spruce_fence":2,"tombstone:scroll_of_unstable_intangibility":1,"minecraft:pumpkin_seeds":9,"minecraft:filled_map":3,"minecraft:diamond_sword":3,"minecraft:gray_terracotta":13,"minecraft:shield":2,"alexsmobs:cockroach_wing_fragment":1,"minecraft:bundle":3,"minecraft:iron_chestplate":4,"minecraft:andesite":1,"minecraft:mossy_stone_bricks":1,"minecraft:oak_sapling":1,"minecraft:spider_eye":4,"tetra:modular_shield":1,"tacz:ammo":180,"pfm:furniture_book":1,"minecraft:bow":2,"minecraft:wooden_pickaxe":2,"minecraft:stone_pickaxe":2},"minecraft:picked_up":{"minecraft:seagrass":1,"minecraft:iron_chestplate":2,"minecraft:wheat":5,"minecraft:iron_trapdoor":1,"minecraft:smithing_table":1,"minecraft:diamond_sword":5,"minecraft:potion":1,"minecraft:enchanted_book":3,"minecraft:string":29,"minecraft:raw_copper":345,"minecraft:cooked_salmon":6,"biomesoplenty:yellow_autumn_sapling":8,"minecraft:smooth_stone_slab":2,"minecraft:iron_leggings":1,"minecraft:oak_sign":1,"minecraft:beetroot":1,"minecraft:cobbled_deepslate":63,"biomesoplenty:fir_planks":1,"minecraft:rose_bush":6,"tetra:modular_sword":2,"minecraft:iron_pickaxe":2,"minecraft:mangrove_log":1,"minecraft:iron_boots":2,"minecraft:furnace":4,"minecraft:stick":12,"born_in_chaos_v1:shattered_skull":5,"born_in_chaos_v1:phantom_powder":5,"minecraft:torch":48,"minecraft:acacia_log":11,"minecraft:porkchop":8,"tacz:attachment":5,"minecraft:cherry_log":4,"tombstone:grave_dust":12,"minecraft:diorite":14,"born_in_chaos_v1:nightmare_claw":2,"alexsmobs:centipede_leg":1,"minecraft:quartz_block":1,"born_in_chaos_v1:fried_maggot":1,"minecraft:rotten_flesh":141,"supplementaries:ash":132,"minecraft:obsidian":5,"minecraft:cod":2,"minecraft:cobblestone":121,"biomesoplenty:lavender":15,"minecraft:birch_log":50,"born_in_chaos_v1:staffof_magic_arrows":2,"minecraft:leather_chestplate":1,"minecraft:cooked_beef":1,"minecraft:feather":7,"minecraft:lilac":3,"minecraft:iron_door":3,"minecraft:andesite":3,"minecraft:smoker":1,"minecraft:potato":340,"biomesoplenty:fir_log":83,"paraglider:spirit_orb":34,"minecraft:flint":1,"minecraft:tuff":8,"supplementaries:flax_seeds":5,"minecraft:lapis_lazuli":122,"minecraft:dirt":26,"born_in_chaos_v1:monster_skin":9,"minecraft:bone":133,"tetra:scroll_rolled":2,"minecraft:bow":5,"minecraft:gray_terracotta":13,"minecraft:wheat_seeds":15,"minecraft:raw_gold":23,"minecraft:mossy_stone_bricks":2,"minecraft:diamond_helmet":1,"minecraft:glowstone_dust":3,"tacz:gun_smith_table":3,"minecraft:oak_planks":26,"biomesoplenty:toadstool":2,"tetra:modular_double":1,"sophisticatedbackpacks:iron_backpack":1,"minecraft:dark_oak_log":1,"alexsmobs:animal_dictionary":1,"minecraft:bundle":7,"minecraft:light_gray_terracotta":2,"minecraft:diamond":18,"minecraft:granite":9,"minecraft:emerald":15,"minecraft:bread":1,"alexsmobs:maggot":1,"minecraft:oak_sapling":2,"minecraft:chorus_fruit":1,"minecraft:diamond_pickaxe":1,"minecraft:charcoal":5,"sophisticatedbackpacks:gold_backpack":1,"minecraft:crafting_table":6,"born_in_chaos_v1:diamond_termite_shard":9,"minecraft:chicken":8,"born_in_chaos_v1:seedof_chaos":4,"minecraft:wooden_pickaxe":1,"minecraft:chain":2,"minecraft:shield":1,"minecraft:iron_axe":1,"born_in_chaos_v1:intoxicating_decoction":2,"tacz:ammo":1020,"supplementaries:bomb":4,"minecraft:beef":4,"born_in_chaos_v1:gnawed_bones":4,"minecraft:iron_nugget":49,"minecraft:chest":1,"minecraft:raw_iron":260,"minecraft:spruce_fence":3,"born_in_chaos_v1:pieceofdarkmetal":5,"minecraft:carrot":1,"minecraft:redstone":78,"biomesoplenty:redwood_planks":51,"minecraft:arrow":40,"minecraft:beetroot_seeds":10,"minecraft:hay_block":4,"minecraft:gold_ingot":20,"paraglider:horned_statue":1,"minecraft:mutton":10,"minecraft:white_wool":6,"born_in_chaos_v1:fused_bone":6,"born_in_chaos_v1:corpse_maggot":50,"born_in_chaos_v1:monster_flesh":12,"minecraft:leather":2,"minecraft:filled_map":1,"minecraft:oak_log":17,"minecraft:cobblestone_wall":3,"minecraft:gunpowder":33,"minecraft:apple":16,"minecraft:stone_bricks":2,"alexsmobs:cockroach_wing_fragment":1,"minecraft:iron_ingot":43,"minecraft:stone_pickaxe":1,"minecraft:cooked_chicken":3,"tombstone:bag_of_seeds":2,"minecraft:iron_sword":2,"minecraft:acacia_sapling":1,"sophisticatedbackpacks:diamond_backpack":1,"minecraft:birch_boat":3,"born_in_chaos_v1:ethereal_spirit":15,"minecraft:gravel":4,"born_in_chaos_v1:dark_rod":2,"minecraft:blast_furnace":1,"minecraft:white_bed":2,"minecraft:spruce_log":8,"minecraft:spider_eye":11,"biomesoplenty:maple_sapling":1,"minecraft:slime_ball":6,"tacz:modern_kinetic_gun":3,"tombstone:magic_scroll":4,"minecraft:baked_potato":19,"minecraft:black_wool":1,"minecraft:coal":218,"minecraft:sunflower":1},"minecraft:used":{"minecraft:oak_sign":2,"minecraft:chest":3,"minecraft:shield":115,"minecraft:iron_sword":297,"minecraft:rotten_flesh":4,"minecraft:iron_chestplate":2,"minecraft:mutton":7,"simplyswords:gold_katana":33,"minecraft:tuff":4,"sophisticatedbackpacks:diamond_backpack":1,"born_in_chaos_v1:corpse_maggot":5,"born_in_chaos_v1:smoked_flesh":81,"minecraft:iron_helmet":1,"minecraft:bow":56,"minecraft:hay_block":3,"minecraft:furnace":6,"minecraft:potato":164,"minecraft:diorite":10,"minecraft:chorus_fruit":1,"minecraft:oak_planks":4,"minecraft:stone_pickaxe":48,"minecraft:mangrove_planks":4,"minecraft:wooden_pickaxe":24,"minecraft:diamond_axe":175,"minecraft:blast_furnace":1,"born_in_chaos_v1:monster_flesh":3,"minecraft:bread":12,"born_in_chaos_v1:smoked_monster_flesh":5,"minecraft:diamond_sword":741,"minecraft:bone_meal":75,"sophisticatedbackpacks:iron_backpack":1,"tacz:gun_smith_table":5,"minecraft:cooked_salmon":8,"born_in_chaos_v1:fried_maggot":14,"minecraft:cooked_chicken":6,"minecraft:torch":450,"minecraft:dirt":25,"minecraft:anvil":2,"tetra:modular_sword":167,"tetra:scroll_rolled":1,"minecraft:granite":6,"paraglider:horned_statue":1,"minecraft:dark_oak_planks":1,"minecraft:iron_axe":146,"minecraft:totem_of_undying":1,"minecraft:gunpowder":1,"tombstone:gift":3,"minecraft:cooked_beef":1,"minecraft:cobbled_deepslate":6,"minecraft:cherry_log":2,"minecraft:cooked_mutton":3,"minecraft:water_bucket":1,"minecraft:iron_ore":10,"minecraft:birch_planks":13,"tetra:modular_shield":14,"minecraft:baked_potato":158,"minecraft:birch_boat":3,"tombstone:scroll_of_feather_fall":2,"minecraft:crafting_table":7,"supplementaries:bomb":4,"minecraft:white_bed":3,"tombstone:tablet_of_home":2,"minecraft:smoker":3,"tombstone:bag_of_seeds":2,"minecraft:diamond_pickaxe":5,"minecraft:apple":37,"minecraft:iron_pickaxe":726,"tombstone:magic_scroll":7,"minecraft:stone_axe":16,"minecraft:cobblestone":37,"minecraft:cooked_porkchop":8,"minecraft:bucket":1}},"DataVersion":3465}