{"stats":{"minecraft:killed":{"born_in_chaos_v1:zombie_clown":2,"minecraft:witch":1,"born_in_chaos_v1:restless_spirit":8,"born_in_chaos_v1:zombie_lumberjack":8,"born_in_chaos_v1:skeleton_demoman":1,"minecraft:spider":16,"born_in_chaos_v1:siamese_skeletonsright":1,"born_in_chaos_v1:baby_skeleton_minion":5,"born_in_chaos_v1:scarlet_persecutor":1,"minecraft:skeleton":27,"minecraft:chicken":5,"born_in_chaos_v1:skeleton_thrasher":2,"alexsmobs:centipede_head":1,"minecraft:skeleton_horse":1,"minecraft:pig":8,"minecraft:zombie_villager":1,"born_in_chaos_v1:diamond_termite":6,"minecraft:creeper":13,"minecraft:sheep":14,"born_in_chaos_v1:zombie_fisherman":1,"minecraft:pillager":1,"minecraft:zombie":79,"born_in_chaos_v1:dread_hound":15,"born_in_chaos_v1:corpse_fly":12,"cave_dweller:cave_dweller":2,"endofherobrine:pigman":1,"born_in_chaos_v1:siamese_skeletonsleft":1,"midnightlurker:midnight_lurker_stalking":1,"minecraft:slime":9,"midnightlurker:midnight_lurker_aggressive":3,"born_in_chaos_v1:zombie_bruiser":4,"born_in_chaos_v1:maggot":9,"minecraft:phantom":3,"minecraft:drowned":1,"midnightlurker:midnight_lurker_runaway":1,"midnightlurker:midnight_lurker_hider":1,"born_in_chaos_v1:baby_skeleton":8,"born_in_chaos_v1:swarmer":1,"born_in_chaos_v1:decrepit_skeleton":9,"alexsmobs:catfish":1,"endofherobrine:sheep":14,"minecraft:enderman":1},"minecraft:killed_by":{"born_in_chaos_v1:decaying_zombie":1},"minecraft:custom":{"minecraft:interact_with_crafting_table":45,"minecraft:open_barrel":6,"minecraft:leave_game":10,"minecraft:time_since_death":1723,"minecraft:sprint_one_cm":3196924,"minecraft:damage_blocked_by_shield":9590,"minecraft:drop":125,"minecraft:play_time":734744,"minecraft:deaths":23,"minecraft:jump":9987,"minecraft:walk_on_water_one_cm":82345,"minecraft:enchant_item":6,"minecraft:interact_with_furnace":104,"minecraft:sleep_in_bed":5,"minecraft:damage_dealt":58360,"minecraft:player_kills":1,"minecraft:crouch_one_cm":14676,"tombstone:undead_killed":152,"minecraft:interact_with_smoker":50,"minecraft:interact_with_smithing_table":1,"minecraft:interact_with_anvil":1,"minecraft:mob_kills":310,"minecraft:damage_dealt_resisted":1356,"minecraft:climb_one_cm":25208,"minecraft:walk_one_cm":2447964,"minecraft:sneak_time":7917,"minecraft:walk_under_water_one_cm":77177,"minecraft:interact_with_blast_furnace":35,"minecraft:total_world_time":734744,"tombstone:raider_killed":2,"minecraft:time_since_rest":1,"minecraft:damage_taken":19491,"minecraft:damage_absorbed":3724,"minecraft:swim_one_cm":61395,"minecraft:fly_one_cm":1711420,"minecraft:freezer_opened":3,"minecraft:open_chest":98,"minecraft:fall_one_cm":236055},"minecraft:mined":{"minecraft:white_bed":2,"sophisticatedbackpacks:gold_backpack":1,"minecraft:brewing_stand":1,"minecraft:granite":9,"minecraft:acacia_log":5,"minecraft:grass_block":2,"tacz:gun_smith_table":5,"minecraft:spawner":1,"minecraft:light_blue_stained_glass":2,"biomesoplenty:tall_lavender":3,"minecraft:iron_ore":117,"minecraft:cobbled_deepslate":3,"minecraft:fire":6,"biomesoplenty:lavender":13,"minecraft:deepslate_lapis_ore":8,"minecraft:anvil":3,"minecraft:enchanting_table":1,"biomesoplenty:hanging_cobweb":1,"minecraft:iron_bars":4,"minecraft:deepslate_redstone_ore":11,"tetra:scroll_rolled":6,"minecraft:smoker":1,"minecraft:blue_stained_glass":4,"biomesoplenty:hanging_cobweb_strand":2,"minecraft:torch":8,"minecraft:blast_furnace":1,"minecraft:chest":5,"minecraft:white_stained_glass_pane":7,"minecraft:cobblestone":24,"minecraft:oak_planks":2,"minecraft:wall_torch":6,"minecraft:deepslate_copper_ore":7,"minecraft:birch_log":10,"minecraft:lilac":4,"minecraft:light_gray_wool":1,"biomesoplenty:fir_log":39,"minecraft:grass":33,"minecraft:oak_log":29,"minecraft:dirt":2,"minecraft:oak_leaves":11,"minecraft:deepslate":13,"biomesoplenty:reed":8,"minecraft:light_blue_stained_glass_pane":11,"minecraft:blue_stained_glass_pane":6,"minecraft:deepslate_diamond_ore":1,"born_in_chaos_v1:black_argillite":3,"minecraft:spruce_leaves":1,"minecraft:hay_block":4,"minecraft:redstone_ore":7,"minecraft:furnace":8,"minecraft:carrots":1,"minecraft:andesite":16,"minecraft:bookshelf":10,"minecraft:potatoes":50,"minecraft:deepslate_iron_ore":34,"biomesoplenty:barley":4,"biomesoplenty:spider_egg":1,"minecraft:stone":112,"minecraft:smithing_table":1,"minecraft:glass_pane":3,"minecraft:oak_fence":2,"minecraft:crafting_table":6,"minecraft:gray_stained_glass":2,"minecraft:rose_bush":2,"minecraft:tall_grass":4,"minecraft:copper_ore":44,"minecraft:lapis_ore":2,"biomesoplenty:sprout":2,"minecraft:deepslate_gold_ore":32,"minecraft:diorite":17,"supplementaries:urn":23,"minecraft:white_wall_banner":1,"minecraft:coal_ore":122,"minecraft:sunflower":2,"minecraft:gravel":3,"minecraft:cobweb":3,"minecraft:cracked_stone_bricks":1,"minecraft:stone_bricks":3,"minecraft:gold_ore":10,"minecraft:fern":16},"minecraft:broken":{"minecraft:iron_boots":3,"minecraft:iron_chestplate":2,"minecraft:iron_leggings":2,"simplyswords:iron_warglaive":1,"minecraft:stone_axe":1,"minecraft:wooden_pickaxe":1,"minecraft:iron_pickaxe":3,"minecraft:iron_helmet":3},"minecraft:crafted":{"minecraft:oak_planks":56,"minecraft:cooked_mutton":24,"minecraft:iron_boots":1,"minecraft:chest":2,"minecraft:cooked_porkchop":12,"minecraft:crafting_table":4,"minecraft:iron_helmet":1,"minecraft:wooden_pickaxe":1,"minecraft:baked_potato":90,"minecraft:copper_ingot":137,"biomesoplenty:fir_planks":48,"minecraft:iron_chestplate":4,"minecraft:shield":1,"minecraft:stick":80,"born_in_chaos_v1:smoked_flesh":116,"minecraft:iron_ingot":135,"minecraft:iron_pickaxe":3,"minecraft:stone_sword":1,"minecraft:wooden_sword":1,"minecraft:iron_nugget":27,"minecraft:furnace":3,"born_in_chaos_v1:smoked_monster_flesh":9,"minecraft:iron_axe":1,"born_in_chaos_v1:fried_maggot":13,"minecraft:stone_pickaxe":1,"tetra:modular_double":2,"minecraft:wheat":36,"minecraft:cooked_beef":11,"minecraft:iron_sword":1,"minecraft:stone_axe":1,"minecraft:bread":13,"minecraft:air":0,"minecraft:iron_leggings":1,"minecraft:torch":140},"minecraft:dropped":{"biomesoplenty:fir_log":11,"minecraft:cooked_beef":1,"minecraft:baked_potato":3,"born_in_chaos_v1:fried_maggot":7,"minecraft:crossbow":1,"paraglider:spirit_orb":6,"minecraft:dirt":9,"minecraft:iron_pickaxe":1,"minecraft:bone":8,"minecraft:gravel":2,"minecraft:oak_door":1,"biomesoplenty:toadstool":3,"minecraft:cobbled_deepslate":1,"minecraft:rotten_flesh":8,"supplementaries:antique_ink":1,"supplementaries:flax_seeds":8,"supplementaries:ash":9,"tetra:modular_sword":2,"crossbowverhaul:bolt_iron":2,"minecraft:mangrove_log":2,"minecraft:skeleton_skull":2,"minecraft:beetroot_seeds":3,"born_in_chaos_v1:corpse_maggot":2,"born_in_chaos_v1:diamond_termite_shard":4,"tetra:modular_double":1,"minecraft:arrow":2,"minecraft:iron_ingot":36,"born_in_chaos_v1:intoxicating_decoction":1,"born_in_chaos_v1:shattered_skull":1,"minecraft:wheat_seeds":3,"minecraft:lilac":2,"minecraft:poisonous_potato":1,"simplyswords:gold_glaive":1,"minecraft:acacia_log":6,"tacz:gun_smith_table":1,"minecraft:coal":42,"minecraft:stick":1,"minecraft:diorite":2,"tombstone:magic_scroll":1,"minecraft:torch":1,"born_in_chaos_v1:fused_bone":2,"minecraft:zombie_head":1,"tombstone:grave_dust":5,"tacz:modern_kinetic_gun":5,"minecraft:string":2,"minecraft:cocoa_beans":4,"minecraft:torchflower_seeds":6,"minecraft:diamond_sword":2,"minecraft:potato":54,"minecraft:bundle":2,"minecraft:andesite":2,"minecraft:oak_sapling":4,"minecraft:spider_eye":3,"tetra:modular_shield":2,"sophisticatedbackpacks:copper_backpack":1,"minecraft:wooden_pickaxe":2,"simplyswords:iron_warglaive":1},"minecraft:picked_up":{"minecraft:iron_chestplate":1,"minecraft:anvil":4,"minecraft:smithing_table":1,"minecraft:brewing_stand":1,"born_in_chaos_v1:black_argillite":3,"minecraft:string":17,"minecraft:raw_copper":237,"minecraft:iron_leggings":2,"biomesoplenty:tall_lavender":1,"minecraft:zombie_head":1,"minecraft:gold_nugget":33,"minecraft:cobbled_deepslate":28,"minecraft:rose_bush":1,"tetra:modular_sword":3,"minecraft:iron_pickaxe":2,"minecraft:furnace":11,"minecraft:iron_boots":3,"minecraft:mangrove_log":2,"crossbowverhaul:bolt_iron":2,"minecraft:stick":1,"born_in_chaos_v1:shattered_skull":2,"minecraft:oak_fence":2,"minecraft:torch":65,"minecraft:acacia_log":11,"minecraft:porkchop":19,"tacz:attachment":3,"tombstone:grave_dust":18,"minecraft:diorite":17,"minecraft:rotten_flesh":104,"supplementaries:antique_ink":1,"supplementaries:ash":61,"minecraft:iron_bars":4,"minecraft:cobblestone":138,"biomesoplenty:lavender":2,"minecraft:birch_log":14,"minecraft:enchanting_table":1,"born_in_chaos_v1:staffof_magic_arrows":1,"minecraft:feather":8,"minecraft:lilac":5,"minecraft:andesite":15,"minecraft:jungle_log":1,"minecraft:smoker":1,"minecraft:potato":170,"biomesoplenty:fir_log":39,"paraglider:spirit_orb":7,"supplementaries:flax_seeds":8,"minecraft:lapis_lazuli":62,"minecraft:dirt":15,"born_in_chaos_v1:monster_skin":1,"minecraft:bone":68,"tetra:scroll_rolled":10,"minecraft:bow":2,"minecraft:wheat_seeds":3,"minecraft:raw_gold":39,"tacz:gun_smith_table":6,"minecraft:oak_planks":2,"biomesoplenty:toadstool":6,"tetra:modular_double":1,"minecraft:poisonous_potato":1,"simplyswords:iron_greathammer":1,"minecraft:dark_oak_log":2,"minecraft:bundle":3,"minecraft:crossbow":1,"minecraft:granite":9,"minecraft:emerald":71,"minecraft:oak_sapling":6,"sophisticatedbackpacks:gold_backpack":1,"minecraft:crafting_table":5,"born_in_chaos_v1:diamond_termite_shard":4,"minecraft:chicken":6,"born_in_chaos_v1:seedof_chaos":2,"minecraft:wooden_pickaxe":2,"minecraft:chain":2,"minecraft:wooden_sword":1,"born_in_chaos_v1:intoxicating_decoction":3,"tacz:ammo":588,"minecraft:cracked_stone_bricks":1,"tombstone:scroll_of_unstable_intangibility":1,"born_in_chaos_v1:gnawed_bones":2,"minecraft:light_gray_wool":3,"minecraft:chest":5,"minecraft:raw_iron":150,"minecraft:oak_door":1,"sophisticatedbackpacks:backpack":1,"born_in_chaos_v1:pieceofdarkmetal":3,"minecraft:carrot":2,"minecraft:redstone":79,"minecraft:arrow":32,"minecraft:hay_block":4,"minecraft:polished_blackstone":2,"minecraft:mutton":27,"minecraft:skeleton_skull":2,"minecraft:white_wool":12,"born_in_chaos_v1:fused_bone":2,"born_in_chaos_v1:corpse_maggot":20,"born_in_chaos_v1:monster_flesh":8,"minecraft:oak_log":31,"minecraft:gunpowder":21,"minecraft:white_banner":2,"minecraft:apple":1,"minecraft:stone_bricks":3,"simplyswords:iron_warglaive":1,"born_in_chaos_v1:smoked_flesh":7,"minecraft:iron_ingot":34,"tombstone:bag_of_seeds":1,"minecraft:book":30,"minecraft:smooth_basalt":1,"born_in_chaos_v1:ethereal_spirit":8,"minecraft:dandelion":2,"tetra:modular_shield":3,"minecraft:torchflower_seeds":3,"minecraft:gravel":4,"minecraft:blast_furnace":1,"minecraft:white_bed":2,"minecraft:spider_eye":5,"simplyswords:gold_glaive":1,"minecraft:slime_ball":7,"tetra:geode":1,"tacz:modern_kinetic_gun":7,"minecraft:iron_helmet":3,"minecraft:baked_potato":36,"tombstone:magic_scroll":4,"minecraft:coal":162},"minecraft:used":{"minecraft:chest":7,"minecraft:shield":61,"minecraft:iron_sword":50,"minecraft:rotten_flesh":4,"minecraft:iron_chestplate":3,"minecraft:carrot":10,"born_in_chaos_v1:corpse_maggot":10,"born_in_chaos_v1:smoked_flesh":123,"minecraft:iron_helmet":2,"minecraft:furnace":14,"minecraft:potato":84,"minecraft:diorite":2,"minecraft:stone_pickaxe":36,"minecraft:wooden_pickaxe":49,"minecraft:white_wool":3,"minecraft:blast_furnace":1,"tetra:modular_double":69,"simplyswords:iron_greathammer":231,"minecraft:bread":20,"born_in_chaos_v1:smoked_monster_flesh":9,"minecraft:smithing_table":1,"minecraft:andesite":4,"minecraft:experience_bottle":3,"minecraft:iron_bars":2,"minecraft:stone_sword":53,"simplyswords:iron_warglaive":248,"tacz:gun_smith_table":4,"born_in_chaos_v1:fried_maggot":6,"minecraft:torch":191,"minecraft:dirt":4,"minecraft:anvil":3,"tetra:modular_sword":694,"tetra:scroll_rolled":7,"minecraft:granite":9,"minecraft:wooden_axe":5,"minecraft:iron_axe":28,"minecraft:iron_boots":2,"minecraft:light_gray_wool":3,"tombstone:gift":7,"minecraft:cooked_beef":10,"minecraft:cobbled_deepslate":9,"sophisticatedbackpacks:gold_backpack":1,"minecraft:iron_leggings":2,"minecraft:cooked_mutton":24,"tetra:modular_shield":148,"minecraft:baked_potato":123,"minecraft:cracked_stone_bricks":1,"minecraft:crafting_table":9,"minecraft:white_bed":2,"minecraft:smoker":1,"minecraft:oak_log":2,"tombstone:bag_of_seeds":2,"minecraft:apple":12,"minecraft:iron_pickaxe":524,"minecraft:stone_axe":103,"minecraft:cobblestone":82,"minecraft:porkchop":3,"minecraft:cooked_porkchop":12,"biomesoplenty:fir_log":2}},"DataVersion":3465}